timestamp,open,high,low,close,volume
2020-04-08,474.35,491.1,453.0,461.65,13388084
2020-04-09,471.0,492.3,471.0,488.7,11742601
2020-04-13,491.0,520.9,491.0,512.2,23966611
2020-04-15,533.95,535.95,505.05,510.5,25793155
2020-04-16,500.0,513.0,497.35,500.45,17082242
2020-04-17,511.0,512.5,498.2,502.45,16127623
2020-04-20,507.7,507.7,486.9,490.3,11473202
2020-04-21,484.0,503.8,479.15,500.5,15491009
2020-04-22,516.0,517.05,492.05,501.4,18107820
2020-04-23,501.85,507.3,491.05,496.0,12532120
2020-04-24,494.9,499.0,484.45,494.25,11937738
2020-04-27,498.05,503.05,491.1,494.05,9888710
2020-04-28,497.45,497.45,484.1,485.65,11512936
2020-04-29,490.95,498.4,487.05,496.0,8217929
2020-04-30,503.1,515.95,495.2,514.3,19799179
2020-05-04,502.45,540.0,499.9,532.5,34019465
2020-05-05,538.0,553.7,526.05,528.05,29936910
2020-05-06,531.75,551.45,530.05,546.0,25594404
2020-05-07,545.35,545.35,524.45,528.05,15532288
2020-05-08,540.0,545.8,528.3,530.05,13592563
2020-05-11,533.05,548.5,532.1,536.2,14223774
2020-05-12,533.0,564.0,530.5,559.85,22616586
2020-05-13,568.4,569.75,549.3,555.95,21114162
2020-05-14,551.1,562.5,535.1,539.85,13180895
2020-05-15,543.5,556.9,539.4,554.1,14486155
2020-05-18,556.9,559.0,535.2,538.05,21586051
2020-05-19,558.5,603.5,557.0,598.8,71909586
2020-05-20,605.0,612.0,588.6,594.05,35744408
2020-05-21,590.5,604.5,585.4,594.55,20292652
2020-05-22,597.0,597.4,587.0,593.2,11416299
2020-05-26,572.0,576.45,557.55,559.25,76497320
2020-05-27,561.0,565.55,553.85,563.1,22528009
2020-05-28,564.65,568.0,556.0,562.75,16270436
2020-05-29,558.0,564.0,543.8,552.6,54189241
2020-06-01,559.0,561.65,550.15,559.05,39288299
2020-06-02,563.0,572.3,556.1,558.1,31973639
2020-06-03,568.0,568.3,549.25,551.65,29235064
2020-06-04,552.3,585.4,549.55,572.45,29454952
2020-06-05,584.0,590.0,567.45,584.35,47874414
2020-06-08,588.0,593.7,579.2,585.15,20430645
2020-06-09,580.0,591.65,565.7,567.8,14939279
2020-06-10,571.0,576.0,563.05,567.1,19130490
2020-06-11,570.0,573.8,546.7,551.85,27293431
2020-06-12,540.0,562.0,540.0,560.1,18870757
2020-06-15,556.0,563.75,549.0,550.7,13584908
2020-06-16,558.0,559.3,537.0,544.9,19072659
2020-06-17,546.85,565.5,541.0,563.45,20531433
2020-06-18,564.25,572.9,558.2,560.9,19329827
2020-06-19,561.9,578.2,561.0,572.5,41152446
2020-06-22,575.8,588.0,570.4,581.05,12715786
2020-06-23,581.05,584.6,574.35,578.8,9762436
2020-06-24,581.0,582.0,555.0,557.35,12387454
2020-06-25,553.9,563.7,550.0,559.0,15589317
2020-06-26,560.0,566.4,557.15,560.4,11109042
2020-06-29,558.9,568.95,551.2,567.1,12920745
2020-06-30,572.0,577.0,557.4,559.85,12939125
2020-07-01,575.0,575.0,558.3,560.15,13639649
2020-07-02,564.8,567.0,557.6,558.45,13542472
2020-07-03,561.8,583.45,560.6,581.45,20620014
2020-07-06,587.6,589.3,575.05,576.6,15818188
2020-07-07,579.0,582.6,566.05,567.15,12524549
2020-07-08,572.0,574.0,559.0,561.3,9404763
2020-07-09,564.0,570.25,560.3,568.65,8452964
2020-07-10,569.1,579.0,565.65,574.7,13284057
2020-07-13,574.5,589.0,570.0,586.8,16353967
2020-07-14,584.5,596.8,578.55,589.35,32329098
2020-07-15,588.95,588.95,559.65,563.6,19693277
2020-07-16,565.9,566.2,553.3,562.75,11316438
2020-07-17,563.1,573.9,561.75,566.75,11964954
2020-07-20,571.0,582.5,567.6,575.75,9610173
2020-07-21,580.0,583.8,566.35,567.75,11784668
2020-07-22,568.0,575.5,562.8,569.15,10831170
2020-07-23,570.0,575.75,564.0,567.2,9539899
2020-07-24,565.0,567.4,555.4,559.45,9777107
2020-07-27,558.2,563.75,544.15,559.5,10695118
2020-07-28,558.5,574.25,555.3,564.6,13948427
2020-07-29,565.25,569.15,560.25,566.2,9796100
2020-07-30,576.0,580.45,543.05,552.7,44491235
2020-07-31,550.9,559.3,546.3,554.85,13661601
2020-08-03,554.5,556.5,546.4,547.35,9219748
2020-08-04,548.0,553.35,545.85,549.0,11813422
2020-08-05,552.0,560.5,546.55,558.95,12682481
2020-08-06,561.7,561.7,552.65,555.3,10425489
2020-08-07,556.0,563.4,552.05,560.8,7210904
2020-08-10,564.3,565.0,554.8,558.85,9417841
2020-08-11,558.0,560.5,550.2,551.1,8137948
2020-08-12,550.0,561.25,545.35,547.7,12381746
2020-08-13,534.0,548.3,524.25,535.35,36774554
2020-08-14,542.85,542.85,525.0,528.6,18209193
2020-08-17,530.55,532.5,518.1,521.4,19014347
2020-08-18,522.05,529.1,520.15,526.3,13517889
2020-08-19,529.0,539.9,527.1,535.85,17075491
2020-08-20,531.0,533.6,522.7,525.55,13440102
2020-08-21,529.8,529.8,516.0,520.25,21835588
2020-08-24,517.9,532.4,508.2,526.9,29166922
2020-08-25,534.5,535.65,526.0,528.65,19516042
2020-08-26,528.4,528.4,512.0,514.5,25906518
2020-08-27,514.4,518.5,508.0,511.15,21871778
2020-08-28,512.1,529.55,512.1,523.45,21808591
2020-08-31,518.5,522.3,508.55,513.1,186856499
2020-09-01,517.5,555.45,514.2,546.25,74337280
2020-09-02,550.0,559.0,545.1,550.55,35023081
2020-09-03,550.55,552.9,535.65,538.0,24622381
2020-09-04,531.5,538.0,519.5,523.15,28083439
2020-09-07,525.0,528.0,510.3,515.45,16147428
2020-09-08,516.0,516.85,494.0,498.1,33123745
2020-09-09,493.25,506.65,491.1,504.25,31478272
2020-09-10,508.0,508.0,491.2,497.35,21005767
2020-09-11,499.3,502.45,488.55,491.65,15597700
2020-09-14,496.0,497.25,468.3,474.1,52056004
2020-09-15,475.15,487.65,470.05,485.55,30857464
2020-09-16,487.0,490.7,480.55,481.75,13133556
2020-09-17,480.0,482.35,474.0,479.0,13497203
2020-09-18,483.0,497.65,475.3,494.55,54801702
2020-09-21,496.0,496.0,461.25,467.75,22737775
2020-09-22,468.5,478.5,461.0,470.95,18600835
2020-09-23,467.0,467.0,423.9,433.8,85211349
2020-09-24,425.25,433.5,416.15,419.3,35786844
2020-09-25,425.0,444.95,422.15,439.65,33602428
2020-09-28,446.0,447.65,434.05,443.65,21053041
2020-09-29,444.0,444.55,429.5,435.6,17852308
2020-09-30,438.0,440.4,418.15,420.95,27176498
2020-10-01,426.0,434.6,423.65,432.35,13344280
2020-10-05,432.35,437.5,423.0,424.45,15001368
2020-10-06,427.0,430.0,423.1,426.75,10876652
2020-10-07,427.8,431.75,421.1,422.45,10202818
2020-10-08,426.0,435.5,419.1,424.45,16705222
2020-10-09,428.0,435.0,423.3,425.2,20563361
2020-10-12,428.0,430.6,411.85,415.05,14063002
2020-10-13,421.15,427.5,413.1,415.3,27781773
2020-10-14,416.4,419.5,411.3,413.25,14110038
2020-10-15,413.4,415.5,395.0,399.2,27855540
2020-10-16,404.45,407.3,398.35,401.65,23347957
2020-10-19,403.55,404.65,394.0,397.7,16921274
2020-10-20,397.7,413.2,396.95,405.0,25909683
2020-10-21,405.7,420.2,403.55,419.0,23488238
2020-10-22,419.0,432.35,418.0,430.65,26516990
2020-10-23,434.9,437.6,427.3,434.4,18171287
2020-10-26,434.35,439.45,428.0,434.05,11736985
2020-10-27,434.05,438.9,427.5,433.35,12781318
2020-10-28,446.0,488.0,442.0,451.85,123585653
2020-10-29,447.7,457.1,445.0,450.8,25066939
2020-10-30,454.9,454.9,430.5,433.75,23051352
2020-11-02,435.0,460.0,435.0,457.4,28174600
2020-11-03,458.0,460.7,447.45,454.6,16036760
2020-11-04,453.0,455.55,447.15,453.05,10003680
2020-11-05,457.0,461.9,452.6,457.3,9234395
2020-11-06,457.0,460.35,448.75,449.9,11970462
2020-11-09,456.3,474.75,452.55,471.8,24493687
2020-11-10,474.0,474.15,465.0,466.4,9620279
2020-11-11,467.95,481.35,464.05,478.6,15737416
2020-11-12,476.85,483.2,475.05,479.85,14512799
2020-11-13,477.0,478.0,470.0,475.75,8272841
2020-11-14,487.0,487.0,479.0,481.5,3940508
2020-11-17,490.9,494.95,481.25,484.55,18699305
2020-11-18,483.95,485.0,471.1,478.4,10311000
2020-11-19,476.0,481.45,467.0,468.55,11329235
2020-11-20,470.5,485.95,465.35,483.7,11867647
2020-11-23,486.75,486.75,475.1,477.25,10005675
2020-11-24,478.4,481.25,471.2,474.25,9173967
2020-11-25,476.5,477.9,458.65,464.1,14229948
2020-11-26,468.7,469.65,460.1,468.4,11322533
2020-11-27,468.3,472.65,462.0,463.25,18151096
2020-12-01,467.75,482.5,460.5,479.45,18193356
2020-12-02,481.0,487.9,474.05,484.9,20562558
2020-12-03,487.1,489.15,474.0,479.9,19723853
2020-12-04,486.85,497.8,483.4,493.75,31039563
2020-12-07,498.0,510.5,494.6,508.95,22125752
2020-12-08,514.0,516.25,499.65,503.6,19298806
2020-12-09,504.9,506.9,499.1,503.05,11608846
2020-12-10,501.5,508.75,494.1,505.15,13194186
2020-12-11,508.5,508.5,497.3,504.4,13760737
2020-12-14,507.0,512.0,501.15,503.05,13886923
2020-12-15,505.85,506.8,498.1,504.2,13074733
2020-12-16,504.2,518.8,502.1,516.2,17381441
2020-12-17,517.0,522.5,512.0,515.1,19654749
2020-12-18,513.9,514.9,505.05,510.65,10797760
2020-12-21,507.5,511.2,480.15,490.9,15253094
2020-12-22,494.0,505.0,485.55,500.3,21233811
2020-12-23,500.3,509.5,498.4,507.2,13081361
2020-12-24,520.0,523.0,510.45,517.3,20849597
2020-12-28,520.1,527.0,516.6,521.6,12882390
2020-12-29,523.0,524.95,515.1,520.25,11246474
2020-12-30,523.4,523.4,513.3,516.15,10494434
2020-12-31,517.1,518.45,506.3,509.7,15524994
2021-01-01,512.25,516.4,508.2,515.15,10185843
2021-01-04,517.0,520.5,511.6,517.1,13240524
2021-01-05,514.0,516.9,511.1,514.0,10492428
2021-01-06,515.0,531.75,513.1,525.3,30269288
2021-01-07,532.0,554.45,527.1,545.25,38717913
2021-01-08,549.3,549.75,537.3,540.25,14270435
2021-01-11,541.5,554.35,541.5,547.15,19525604
2021-01-12,549.0,569.0,545.0,565.75,25380555
2021-01-13,588.0,601.7,567.0,578.25,83668562
2021-01-14,582.7,584.8,570.05,580.55,16661518
2021-01-15,609.55,610.65,593.8,602.65,56392307
2021-01-18,602.65,603.0,584.0,586.95,20965905
2021-01-19,591.1,597.45,586.5,592.3,10830923
2021-01-20,592.3,602.5,589.0,596.15,13087294
2021-01-21,600.25,604.05,574.4,581.35,17060331
2021-01-22,583.9,585.55,572.75,576.85,12429589
2021-01-25,579.0,587.85,569.55,580.75,12273498
2021-01-27,580.0,581.75,562.35,570.8,15280757
2021-01-28,566.5,575.85,562.75,570.9,14921448
2021-01-29,578.5,578.5,550.6,553.6,25051621
2021-02-01,559.0,581.1,549.2,579.15,13951025
2021-02-02,584.9,605.65,579.25,599.35,21311866
2021-02-03,609.4,622.5,599.45,608.85,30076561
2021-02-04,614.9,623.0,595.65,600.6,51018799
2021-02-05,603.8,605.9,576.25,581.1,34811620
2021-02-08,589.0,603.65,584.7,597.3,21247165
2021-02-09,598.9,607.75,595.0,598.95,20541765
2021-02-10,604.95,607.75,580.25,590.2,31059522
2021-02-11,592.0,603.55,589.0,598.1,18898771
2021-02-12,597.85,597.85,584.6,586.25,15611939
2021-02-15,592.1,603.0,590.0,593.7,17641523
2021-02-16,595.0,601.6,593.0,593.95,14787224
2021-02-17,596.95,598.8,590.05,593.85,16133750
2021-02-18,597.0,598.0,585.2,589.05,21784559
2021-02-19,590.0,596.0,575.5,581.35,19106404
2021-02-22,582.0,584.9,568.0,570.3,19854892
2021-02-23,575.0,577.0,564.0,565.55,23326447
2021-02-24,568.1,574.1,565.2,572.95,8725136
2021-02-25,579.9,584.45,577.05,579.15,15931134
2021-02-26,574.5,585.95,551.75,556.3,194887984
2021-03-01,558.0,559.1,521.0,532.2,54075848
2021-03-02,540.5,544.0,528.85,541.2,30058411
2021-03-03,548.75,550.75,540.0,546.3,24214390
2021-03-04,540.0,546.0,538.0,539.6,17352483
2021-03-05,535.0,538.5,524.4,532.8,16351700
2021-03-08,531.0,535.45,524.75,525.7,15011518
2021-03-09,530.1,532.0,514.3,521.75,19809833
2021-03-10,520.2,530.5,516.35,525.85,18663334
2021-03-12,530.55,532.75,521.55,524.2,11410264
2021-03-15,527.8,527.8,516.4,522.85,10676602
2021-03-16,524.0,533.75,524.0,529.3,13007824
2021-03-17,528.8,531.0,519.0,522.9,8326430
2021-03-18,529.85,532.2,515.35,527.2,12235615
2021-03-19,528.0,534.75,525.5,529.95,48683525
2021-03-22,533.05,534.0,523.0,528.0,13331409
2021-03-23,529.7,532.45,522.15,529.25,14958494
2021-03-24,528.0,533.45,521.5,523.65,10602439
2021-03-25,523.4,523.65,499.55,507.75,17248482
2021-03-26,512.1,524.9,510.6,522.5,10943035
2021-03-30,527.8,527.9,516.25,521.5,10494794
2021-03-31,522.35,525.9,516.25,517.3,7570387
2021-04-01,519.95,523.9,514.55,520.8,6980458
2021-04-05,520.8,529.0,514.6,528.25,9203847
2021-04-06,528.5,537.85,524.55,532.2,12873443
2021-04-07,537.0,546.9,535.25,541.6,20997280
2021-04-08,546.8,548.55,540.5,543.0,11157958
2021-04-09,539.5,549.75,536.5,545.25,11426998
2021-04-12,537.55,538.85,518.5,522.45,9687846
2021-04-13,526.4,540.0,523.1,536.15,6535007
2021-04-15,540.0,546.15,530.25,539.35,9805711
2021-04-16,540.05,544.15,538.0,540.75,6157781
2021-04-19,532.25,535.0,523.25,526.45,7232945
2021-04-20,529.0,537.0,525.9,530.2,7233304
2021-04-22,530.0,533.4,526.05,530.85,6552131
2021-04-23,529.0,532.45,519.1,522.6,6992388
2021-04-26,522.75,528.5,522.75,527.55,5819893
2021-04-27,527.45,538.55,526.25,534.3,9693047
2021-04-28,535.95,548.0,535.6,544.3,11970652
2021-04-29,549.7,550.0,539.1,540.85,8683857
2021-04-30,533.5,547.0,533.5,536.75,8178192
2021-05-03,530.0,562.5,529.05,558.85,14288088
2021-05-04,565.95,565.95,546.7,552.45,13934607
2021-05-05,556.9,564.95,554.0,559.95,11872729
2021-05-06,559.95,564.4,552.6,558.75,9000753
2021-05-07,561.2,572.9,556.9,568.5,12656867
2021-05-10,572.0,577.0,569.1,572.55,8211446
2021-05-11,565.5,574.85,564.05,568.4,7885422
2021-05-12,568.0,569.15,558.2,561.75,6689476
2021-05-14,564.0,569.35,556.15,560.4,7555855
2021-05-17,563.95,563.95,545.8,549.65,13424956
2021-05-18,547.5,552.9,534.55,536.35,34324460
2021-05-19,537.9,540.55,526.2,528.2,19223054
2021-05-20,531.0,531.0,520.0,520.65,13777903
2021-05-21,523.25,533.3,522.0,530.95,10299402
2021-05-24,531.0,533.0,526.0,526.8,6268351
2021-05-25,529.9,530.8,524.5,526.1,9239443
2021-05-26,529.0,530.8,525.0,525.75,6781577
2021-05-27,526.1,527.0,518.7,519.8,22363299
2021-05-28,522.25,528.5,520.4,523.6,10060110
2021-05-31,525.5,536.0,525.1,534.9,12567516
2021-06-01,537.45,538.4,530.3,532.9,8280431
2021-06-02,529.9,534.6,528.0,529.5,10372845
2021-06-03,530.0,533.4,528.5,532.05,6174103
2021-06-04,533.95,535.8,531.2,532.7,4788898
2021-06-07,534.0,541.0,533.0,536.45,9496183
2021-06-08,538.1,548.0,534.0,546.8,12586649
2021-06-09,549.9,551.5,535.35,540.0,12440819
2021-06-10,543.9,547.85,540.35,545.15,6888855
2021-06-11,545.5,549.75,540.05,540.85,7634036
2021-06-14,540.85,540.85,529.3,539.35,5609077
2021-06-15,541.0,543.65,538.4,542.5,7130896
2021-06-16,543.8,543.8,534.9,536.75,9860470
2021-06-17,539.5,541.25,527.05,528.65,10026485
2021-06-18,531.4,541.9,519.0,538.75,14723907
2021-06-21,535.0,541.9,533.0,539.6,5637000
2021-06-22,548.05,549.0,535.5,536.4,8946586
2021-06-23,538.0,539.2,532.7,534.05,4679563
2021-06-24,535.0,535.45,527.4,528.75,6301610
2021-06-25,531.3,535.9,529.35,535.1,5402768
2021-06-28,537.0,537.0,530.45,531.2,5168753
2021-06-29,531.25,532.25,524.0,524.95,8553386
2021-06-30,527.0,530.4,524.35,525.65,5654391
2021-07-01,529.0,531.0,522.0,522.65,6454014
2021-07-02,525.6,533.0,520.0,525.0,13063791
2021-07-05,528.0,528.5,523.3,523.95,6256128
2021-07-06,523.5,527.7,521.1,526.1,10300966
2021-07-07,523.2,530.6,523.2,529.6,6546286
2021-07-08,530.0,532.8,523.55,525.3,5301428
2021-07-09,525.5,537.5,523.0,536.25,7169047
2021-07-12,538.95,538.95,528.65,529.65,8768168
2021-07-13,533.55,535.5,528.2,530.05,7988044
2021-07-14,529.0,531.4,526.65,530.05,6543996
2021-07-15,532.5,532.5,525.0,525.45,6759881
2021-07-16,527.0,543.4,525.95,541.15,11043791
2021-07-19,539.0,544.7,529.3,538.45,8962285
2021-07-20,536.45,536.8,523.0,525.75,7505544
2021-07-22,531.1,548.0,523.65,546.7,19847956
2021-07-23,547.7,560.65,532.75,548.3,32588978
2021-07-26,545.0,553.85,542.1,544.05,5118493
2021-07-27,545.8,545.8,536.15,540.55,5727485
2021-07-28,539.5,570.7,537.85,567.9,31932505
2021-07-29,574.1,576.7,565.0,567.15,15552340
2021-07-30,565.9,568.5,557.8,561.65,9938812
2021-08-02,566.0,569.95,560.0,565.15,6254864
2021-08-03,568.0,582.0,562.1,580.2,21280806
2021-08-04,575.0,586.9,570.3,574.4,21414510
2021-08-05,577.5,619.0,577.5,598.7,71088770
2021-08-06,594.5,616.95,588.5,607.9,28520160
2021-08-09,610.0,612.7,597.55,599.25,9892910
2021-08-10,602.2,628.0,598.4,622.2,33878294
2021-08-11,622.2,629.25,613.7,620.85,18386089
2021-08-12,623.0,628.95,617.0,623.15,8274954
2021-08-13,623.15,638.8,618.1,637.05,20690579
2021-08-16,638.75,644.0,632.0,634.05,10312706
2021-08-17,634.05,638.0,623.0,626.35,11102775
2021-08-18,625.9,634.0,620.85,622.95,7005347
2021-08-20,619.5,633.0,607.0,613.7,12534832
2021-08-23,618.4,630.5,607.6,622.65,12554898
2021-08-24,627.95,627.95,617.05,620.1,5776595
2021-08-25,622.35,622.35,611.0,612.45,7977884
2021-08-26,610.0,611.5,584.3,586.9,25831904
2021-08-27,588.8,605.4,585.05,595.15,16141223
2021-08-30,596.0,625.0,590.1,620.45,39759785
2021-08-31,626.05,668.1,625.0,664.05,59661820
2021-09-01,668.0,673.3,654.0,666.4,30228814
2021-09-02,669.95,673.75,664.05,666.5,18601857
2021-09-03,668.0,669.6,654.0,658.45,7774350
2021-09-06,664.4,665.75,653.4,654.6,10035041
2021-09-07,657.95,680.5,648.0,670.55,27665704
2021-09-08,678.0,683.8,665.0,667.85,20492200
2021-09-09,667.85,688.2,667.05,686.15,19419892
2021-09-13,692.0,697.0,685.85,693.3,19341527
2021-09-14,695.0,699.7,689.1,694.2,11479081
2021-09-15,697.0,734.95,696.15,725.5,55750090
2021-09-16,735.0,737.0,715.4,718.6,44172650
2021-09-17,721.0,734.75,721.0,728.15,26158201
2021-09-20,725.0,733.7,720.3,724.95,14066795
2021-09-21,722.9,740.75,722.0,726.65,13954874
2021-09-22,727.0,732.05,724.1,726.75,16047334
2021-09-23,733.4,740.1,723.2,726.8,26009026
2021-09-24,729.05,753.0,728.0,739.4,70844952
2021-09-27,731.0,731.9,718.15,722.55,11282248
2021-09-28,724.4,726.8,686.0,696.15,21944239
2021-09-29,697.0,702.0,689.15,694.1,16729859
2021-09-30,695.8,709.8,686.8,688.3,13911568
2021-10-01,687.35,687.35,667.65,675.9,14952128
2021-10-04,675.0,686.2,669.7,681.4,8917898
2021-10-05,684.4,703.45,680.4,699.25,25598885
2021-10-06,705.75,707.95,688.2,691.4,10406502
2021-10-07,695.75,702.2,691.3,692.5,8121590
2021-10-08,695.15,699.55,688.9,695.5,6297352
2021-10-11,693.1,696.05,685.0,690.85,8792050
2021-10-12,691.0,698.4,684.2,686.35,8579567
2021-10-13,689.0,696.8,683.1,689.9,7062149
2021-10-14,693.0,694.0,681.85,685.8,9820591
2021-10-18,700.0,701.95,679.65,680.6,8574445
2021-10-19,699.0,699.0,675.45,681.1,7328862
2021-10-20,683.4,713.9,681.4,708.45,21217306
2021-10-21,710.95,712.35,689.2,696.05,8908979
2021-10-22,698.5,705.3,684.25,694.5,6587256
2021-10-25,693.0,704.0,675.0,691.1,9540441
2021-10-26,695.0,709.85,689.0,696.2,10953878
2021-10-27,699.4,714.65,694.0,702.35,11878571
2021-10-28,702.75,706.05,684.4,689.75,8884507
2021-10-29,692.2,701.0,677.05,685.35,8602343
2021-11-01,689.95,722.8,689.6,712.5,17121001
2021-11-02,712.5,723.1,709.55,713.95,7725455
2021-11-03,725.75,732.5,696.0,699.1,23261507
2021-11-04,704.0,704.8,699.2,701.1,1064714
2021-11-08,707.45,714.9,704.0,709.0,7565546
2021-11-09,711.7,716.45,705.15,713.2,5278131
2021-11-10,717.5,738.0,707.35,735.45,15180490
2021-11-11,735.0,738.6,724.25,728.6,7421118
2021-11-12,733.0,745.0,725.25,743.5,9207508
2021-11-15,740.0,746.0,736.2,737.55,5454742
2021-11-16,741.35,742.05,727.05,730.3,4639931
2021-11-17,724.55,732.35,716.25,720.05,8002927
2021-11-18,720.6,723.45,708.0,714.35,4469597
2021-11-22,740.0,755.95,733.1,742.1,36884348
2021-11-23,745.0,761.0,735.7,758.9,18240414
2021-11-24,764.0,781.8,756.25,758.9,21653712
2021-11-25,759.05,768.5,752.8,765.15,8483653
2021-11-26,763.0,763.0,733.1,738.75,11142921
2021-11-29,752.0,755.0,727.1,739.35,15885643
2021-11-30,740.0,750.2,722.65,728.25,14272616
2021-12-01,733.0,737.4,718.25,722.25,10488561
2021-12-02,723.9,735.7,714.15,732.55,11507427
2021-12-03,730.0,734.65,716.3,718.35,11024093
2021-12-06,718.0,721.9,693.85,697.6,8804487
2021-12-07,702.35,705.7,694.1,698.85,10238693
2021-12-08,705.0,719.0,702.3,715.15,8296393
2021-12-09,716.8,723.95,711.0,713.95,9069515
2021-12-10,711.0,718.9,707.0,710.7,4251339
2021-12-13,715.0,718.4,698.35,703.1,9896899
2021-12-14,701.0,706.3,688.4,691.6,9275631
2021-12-15,691.75,694.9,684.1,685.45,7674319
2021-12-16,689.9,689.9,677.6,681.4,9633006
2021-12-17,681.0,685.7,661.1,666.05,13850460
2021-12-20,659.15,661.15,645.1,658.25,11812939
2021-12-21,663.95,670.9,659.2,667.0,8084499
2021-12-22,667.0,686.0,667.0,684.75,8522226
2021-12-23,689.0,689.0,675.5,678.75,5602466
2021-12-24,682.1,682.85,672.65,677.05,3756020
2021-12-27,674.95,678.35,668.65,675.75,3658572
2021-12-28,679.85,683.5,675.05,680.05,3892590
2021-12-29,679.95,683.5,675.0,676.85,3847574
2021-12-30,677.5,685.8,674.2,679.35,5701612
2021-12-31,680.5,694.1,680.0,683.8,4598628
2022-01-03,687.8,692.6,683.1,691.3,2939833
2022-01-04,692.25,703.25,690.4,697.45,6473875
2022-01-05,700.9,702.75,691.75,700.0,4586105
2022-01-06,702.0,720.5,700.0,710.4,21642414
2022-01-07,713.9,715.15,701.45,704.7,4315015
2022-01-10,705.4,711.35,703.65,704.95,3565324
2022-01-11,703.0,709.55,694.6,703.45,10642484
2022-01-12,707.95,732.7,704.2,730.2,12366953
2022-01-13,729.0,735.65,726.15,731.8,5829874
2022-01-14,729.95,730.9,718.45,720.6,5344096
2022-01-17,720.0,734.75,719.55,728.6,4340924
2022-01-18,727.0,730.7,712.55,714.35,4312058
2022-01-19,714.0,715.0,701.7,703.7,5879490
2022-01-20,706.0,719.65,705.25,715.4,4812496
2022-01-21,709.6,714.0,689.35,695.25,6704622
2022-01-24,690.3,707.0,677.35,689.9,11091633
2022-01-25,684.0,720.45,682.15,711.85,14128764
2022-01-27,706.5,716.0,701.5,707.25,8937312
2022-01-28,714.9,754.0,701.65,715.8,21450677
2022-01-31,728.0,735.0,719.55,729.3,10745370
2022-02-01,733.0,735.0,718.3,723.05,4814511
2022-02-02,726.1,731.75,720.5,725.05,3286577
2022-02-03,726.0,729.0,718.5,721.65,3651578
2022-02-04,721.1,723.25,716.5,720.2,3284198
2022-02-07,718.0,720.1,699.5,706.5,6833983
2022-02-08,711.2,714.7,701.0,708.9,7167684
2022-02-09,707.1,726.1,702.15,719.35,10185173
2022-02-10,722.95,726.95,708.6,724.05,6074014
2022-02-11,721.7,725.4,710.9,715.15,5646980
2022-02-14,704.0,704.0,685.0,689.7,7441445
2022-02-15,696.0,713.1,686.6,711.55,4650249
2022-02-16,717.4,728.2,708.0,721.8,5433910
2022-02-17,724.45,727.5,715.0,717.0,5107708
2022-02-18,712.05,719.55,711.35,712.55,4099366
2022-02-21,708.05,716.55,703.0,709.95,4307430
2022-02-22,694.2,702.5,687.5,699.25,9148804
2022-02-23,700.1,708.95,699.5,704.4,4124469
2022-02-24,682.0,688.55,645.45,670.9,14139461
2022-02-25,677.5,695.15,677.5,688.65,6452099
2022-02-28,681.0,690.0,666.45,686.5,8301523
2022-03-02,684.0,684.0,666.0,674.25,10220908
2022-03-03,675.0,679.8,668.6,672.05,6517030
2022-03-04,665.0,667.95,650.0,653.7,7094874
2022-03-07,640.0,679.35,639.0,675.4,12615451
2022-03-08,675.0,686.85,667.6,683.0,8462985
2022-03-09,682.0,698.0,674.3,691.5,9896395
2022-03-10,699.95,707.5,690.6,697.75,5989327
2022-03-11,696.7,702.4,691.5,694.85,3353880
2022-03-14,688.15,704.85,688.15,700.4,4016137
2022-03-15,699.0,709.5,695.5,703.1,6006439
2022-03-16,710.0,715.5,705.0,712.0,3843706
2022-03-17,720.0,727.95,715.0,722.9,8168953
2022-03-21,722.0,724.35,706.8,708.2,6317305
2022-03-22,708.5,721.0,705.85,719.25,3000133
2022-03-23,719.25,719.85,703.0,704.95,7974713
2022-03-24,698.0,708.85,697.85,706.35,3597143
2022-03-25,712.3,714.45,705.85,709.35,2930336
2022-03-28,715.25,737.0,710.1,733.05,7960258
2022-03-29,740.4,763.0,737.0,754.95,15833573
2022-03-30,762.75,769.9,744.6,749.5,9938988
2022-03-31,753.0,759.0,739.7,754.95,7371181
2022-04-01,759.8,766.65,749.25,758.5,5920139
2022-04-04,757.85,775.0,756.2,767.8,5783224
2022-04-05,767.8,773.8,761.0,766.6,3990794
2022-04-06,764.0,780.7,763.0,775.65,7490027
2022-04-07,775.0,777.85,759.55,762.4,5818505
2022-04-08,768.35,768.35,757.6,762.1,5583587
2022-04-11,757.0,765.2,756.0,758.05,4927865
2022-04-12,759.95,759.95,740.1,741.65,3904026
2022-04-13,742.0,756.5,737.95,740.65,6343030
2022-04-18,736.65,740.15,723.4,729.5,8950327
2022-04-19,739.0,739.0,716.85,723.5,9957060
2022-04-20,730.05,744.5,723.95,739.35,6632292
2022-04-21,743.9,743.9,730.0,735.75,6111830
2022-04-22,731.0,740.9,729.0,738.75,5182247
2022-04-25,729.95,743.0,729.15,739.35,3571031
2022-04-26,745.0,758.9,739.1,756.3,4987848
2022-04-27,750.0,761.55,746.4,752.5,4571399
2022-04-28,751.0,754.3,744.6,747.35,6101866
2022-04-29,752.0,761.0,735.55,739.0,7219115
2022-05-02,734.0,742.95,730.35,741.35,3938533
2022-05-04,737.0,739.35,717.0,722.4,6785271
2022-05-05,726.0,733.1,714.25,718.95,4836692
2022-05-06,711.25,723.9,707.75,710.25,5912312
2022-05-09,706.1,720.5,704.45,711.5,4819274
2022-05-10,711.0,728.5,710.15,719.65,6746893
2022-05-11,719.65,735.0,716.9,722.85,6919703
2022-05-12,715.25,722.8,701.25,705.4,6754953
2022-05-13,713.0,713.0,684.75,689.9,11938252
2022-05-16,685.85,698.0,679.65,693.2,5412233
2022-05-17,695.0,710.0,690.85,707.05,4847812
2022-05-18,721.0,727.15,689.2,696.15,18992703
2022-05-19,685.0,693.0,667.85,674.25,7322668
2022-05-20,688.5,691.5,683.0,687.9,5577407
2022-05-23,681.8,693.9,679.6,685.85,3788601
2022-05-24,689.25,689.25,675.85,678.2,4053608
2022-05-25,681.25,689.9,679.55,688.2,4188088
2022-05-26,690.0,695.5,675.9,693.65,5780597
2022-05-27,697.05,700.0,676.0,684.4,7131633
2022-05-30,687.45,703.75,683.0,699.05,4675033
2022-05-31,697.5,706.6,692.6,700.2,44593174
2022-06-01,701.55,706.2,691.25,694.65,3749781
2022-06-02,688.9,696.95,683.05,695.95,3466993
2022-06-03,697.05,700.8,685.25,686.5,6673615
2022-06-06,682.2,689.8,676.5,682.95,6407024
2022-06-07,678.15,687.25,673.3,685.3,8349903
2022-06-08,682.5,687.8,660.45,663.3,13904149
2022-06-09,660.0,679.4,655.1,676.35,6774925
2022-06-10,668.0,676.45,668.0,673.35,3221484
2022-06-13,660.1,673.35,658.0,671.3,5982102
2022-06-14,669.1,689.4,669.1,682.05,8878530
2022-06-15,681.95,685.0,673.5,682.1,6005970
2022-06-16,683.1,683.9,650.0,654.2,9525587
2022-06-17,656.0,661.75,638.0,643.65,11085830
2022-06-20,644.95,647.45,634.2,640.9,3883001
2022-06-21,642.1,658.15,640.5,654.3,3515991
2022-06-22,648.6,650.35,641.45,642.85,4348884
2022-06-23,648.15,664.6,647.75,660.2,4336533
2022-06-24,662.1,675.7,662.1,671.2,5621332
2022-06-27,675.0,687.0,671.2,683.95,5284297
2022-06-28,683.0,684.9,676.3,681.15,3216376
2022-06-29,677.0,689.1,675.0,687.8,5011798
2022-06-30,689.8,691.6,679.0,684.95,6505666
2022-07-01,684.85,685.8,666.0,673.45,4488771
2022-07-04,670.5,685.5,666.05,681.9,4229588
2022-07-05,683.3,689.3,680.05,684.45,3494504
2022-07-06,684.5,694.95,684.2,693.95,4697006
2022-07-07,692.0,696.5,685.45,686.8,3485283
2022-07-08,688.0,696.6,686.65,695.15,2732170
2022-07-11,675.0,681.0,658.95,660.55,18687521
2022-07-12,663.25,666.9,660.0,663.0,7416645
2022-07-13,670.0,670.0,641.0,643.5,12030163
2022-07-14,650.0,652.2,628.75,641.65,11379990
2022-07-15,648.95,657.5,643.25,651.8,5567877
2022-07-18,657.0,670.0,649.15,663.05,8982417
2022-07-19,675.0,677.0,663.1,672.9,7836419
2022-07-20,680.0,680.0,668.2,670.65,4458819
2022-07-21,671.5,679.95,671.2,678.35,3550107
2022-07-22,679.7,681.9,675.2,678.85,2415220
2022-07-25,680.0,686.55,676.55,678.4,2913348
2022-07-26,682.6,685.35,670.25,684.1,5016687
2022-07-27,683.95,683.95,669.7,674.9,6237523
2022-07-28,678.8,679.4,664.2,666.85,7374170
2022-07-29,672.8,680.65,671.0,677.95,7669970
2022-08-01,677.95,697.8,677.05,694.45,8812526
2022-08-02,700.0,700.3,681.15,686.8,6236599
2022-08-03,688.0,696.85,687.0,693.15,5237250
2022-08-04,698.2,698.5,680.7,694.3,6352142
2022-08-05,698.0,710.0,696.35,703.65,5811092
2022-08-08,707.95,709.85,699.0,704.35,5918607
2022-08-10,713.9,718.0,706.0,715.25,12201239
2022-08-11,718.8,719.4,705.7,709.8,7142902
2022-08-12,709.85,712.5,706.65,709.7,4540159
2022-08-16,715.0,716.0,700.5,704.1,6679663
2022-08-17,707.0,724.65,702.3,722.95,8812954
2022-08-18,725.0,736.0,720.9,733.2,10354897
2022-08-19,730.2,737.6,726.0,732.3,13743828
2022-08-22,731.85,734.4,724.4,727.6,8118490
2022-08-23,725.0,742.6,722.55,737.6,8229797
2022-08-24,722.85,754.2,718.0,738.75,14922081
2022-08-25,744.8,754.05,735.25,741.0,9849958
2022-08-26,741.5,741.5,728.0,730.85,5928897
2022-08-29,717.7,724.9,715.1,720.6,5878942
2022-08-30,722.0,730.1,711.8,726.6,8894800
2022-09-01,726.5,746.0,726.5,735.05,11869518
2022-09-02,725.0,740.9,719.65,735.0,5693707
2022-09-05,735.0,741.95,733.25,740.4,3660135
2022-09-06,740.4,765.0,740.4,761.25,10166270
2022-09-07,755.5,761.9,686.2,753.1,126794211
2022-09-08,759.0,776.0,757.05,769.8,10648073
2022-09-09,773.0,774.8,762.9,765.75,4627905
2022-09-12,767.0,771.4,764.5,769.15,2654087
2022-09-13,774.0,788.9,770.0,784.25,8335652
2022-09-14,776.0,788.4,775.75,783.35,6645392
2022-09-15,788.0,790.65,782.0,785.1,5485310
2022-09-16,788.0,788.0,776.45,779.65,20211162
2022-09-19,773.5,786.0,772.2,782.75,5760313
2022-09-20,786.7,796.95,785.0,792.15,7936714
2022-09-21,792.15,797.0,779.0,780.2,9966193
2022-09-22,791.2,794.8,776.35,784.1,7721133
2022-09-23,788.0,788.0,768.7,771.35,9271829
2022-09-26,769.95,771.15,753.2,755.05,13144297
2022-09-27,758.85,765.0,757.2,760.6,5965026
2022-09-28,755.5,771.0,755.0,761.45,5546932
2022-09-29,763.95,769.0,759.3,764.65,5413233
2022-09-30,765.95,809.0,761.45,799.9,7469164
2022-10-03,803.4,815.55,798.05,803.35,12619046
2022-10-04,813.0,816.75,807.5,808.7,5772140
2022-10-06,810.55,815.85,786.65,788.6,6503205
2022-10-07,792.0,796.8,784.7,793.1,6025982
2022-10-10,784.95,794.8,779.7,792.35,3519416
2022-10-11,797.5,797.5,776.0,780.3,3699862
2022-10-12,780.3,781.35,769.2,775.55,5984299
2022-10-13,775.0,779.0,767.65,768.9,2842056
2022-10-14,779.95,779.95,763.05,765.95,3608210
2022-10-17,761.0,771.0,759.85,766.0,4566333
2022-10-18,769.85,785.6,768.65,783.15,4391263
2022-10-19,787.95,788.65,779.5,783.4,5219180
2022-10-20,782.0,794.0,778.3,792.9,4756732
2022-10-21,790.0,802.85,789.75,797.45,4807736
2022-10-24,800.0,807.5,800.0,802.1,522406
2022-10-25,806.15,806.35,798.7,802.3,3184277
2022-10-27,806.5,822.2,804.2,817.1,8159181
2022-10-28,819.0,824.4,811.3,816.85,3905093
2022-10-31,823.0,833.8,820.0,832.0,5487233
2022-11-01,828.0,841.45,821.05,835.55,10488759
2022-11-02,830.0,830.0,807.25,809.85,11729925
2022-11-03,809.75,824.4,804.2,818.65,5897840
2022-11-04,815.7,821.8,809.2,816.4,3768226
2022-11-07,817.0,824.05,809.0,822.7,7171570
2022-11-09,824.2,825.5,814.45,819.05,3969171
2022-11-10,819.8,830.7,817.55,825.75,4425290
2022-11-11,830.75,836.9,823.8,826.9,4325441
2022-11-14,818.0,830.8,817.0,821.9,10406576
2022-11-15,822.65,838.75,822.65,835.25,6229710
2022-11-16,837.5,844.05,828.05,841.2,3445345
2022-11-17,841.8,849.4,838.4,846.15,4545534
2022-11-18,849.95,851.85,831.1,837.3,7405949
2022-11-21,837.0,852.8,835.0,851.2,5527122
2022-11-22,853.4,860.55,845.1,847.6,7601660
2022-11-23,851.85,851.85,841.6,843.25,4596816
2022-11-24,846.0,851.0,837.75,848.35,3455310
2022-11-25,852.0,860.0,841.6,846.85,2991065
2022-11-28,840.25,852.55,836.05,837.4,3668846
2022-11-29,839.0,844.8,835.0,835.85,2680296
2022-11-30,834.8,852.0,832.6,848.75,6874390
2022-12-01,853.0,853.2,841.6,848.6,4506664
2022-12-02,851.4,851.95,839.1,848.65,3505272
2022-12-05,851.0,851.6,840.85,844.1,3311316
2022-12-06,844.9,845.0,829.7,833.35,5567349
2022-12-07,837.55,841.6,832.0,834.0,3771882
2022-12-08,833.0,840.2,826.3,832.6,4822179
2022-12-09,830.3,836.6,823.95,834.9,4615843
2022-12-12,832.6,836.95,825.4,828.4,3149823
2022-12-13,822.0,840.0,822.0,838.05,3832999
2022-12-14,840.65,842.0,828.15,829.2,7491333
2022-12-15,829.0,831.0,824.35,826.35,2996482
2022-12-16,825.0,832.7,819.9,822.75,4309644
2022-12-19,822.7,845.05,822.0,840.4,6397169
2022-12-20,839.75,839.75,822.0,828.95,2828863
2022-12-21,833.0,833.05,812.35,814.0,5079337
2022-12-22,819.0,824.7,809.5,816.6,3626834
2022-12-23,814.0,817.95,805.0,808.65,2804496
2022-12-26,805.05,815.2,801.15,811.0,6023206
2022-12-27,815.0,819.45,805.0,814.8,1782053
2022-12-28,813.0,813.9,801.45,803.8,2907741
2022-12-29,807.05,824.75,760.1,820.75,6110313
2022-12-30,824.7,824.8,804.95,806.1,3113243
2023-01-02,806.25,816.2,805.6,813.5,1626846
2023-01-03,810.35,818.8,808.5,817.6,1717603
2023-01-04,818.95,820.45,806.2,811.8,2970216
2023-01-05,825.0,825.0,803.75,807.1,5297349
2023-01-06,807.55,812.25,792.0,796.0,3199618
2023-01-09,802.7,821.5,801.05,819.4,4340729
2023-01-10,826.1,826.1,790.3,792.85,8392344
2023-01-11,775.0,779.65,751.65,765.55,28389020
2023-01-12,765.0,769.3,753.55,756.9,12732671
2023-01-13,757.0,765.95,752.0,764.3,12279288
2023-01-16,766.4,768.1,754.65,759.15,5779293
2023-01-17,759.15,768.9,758.75,765.7,6594428
2023-01-18,768.2,780.0,766.0,776.55,5800899
2023-01-19,776.0,776.5,765.65,772.0,4169463
2023-01-20,775.85,775.85,758.3,764.45,6289718
2023-01-23,767.9,776.0,763.85,772.7,2685320
2023-01-24,773.0,777.55,761.0,775.65,5012125
2023-01-25,774.95,780.5,768.0,776.5,6560514
2023-01-27,774.95,778.9,765.8,774.5,6745926
2023-01-30,771.6,774.95,763.0,770.2,5420851
2023-01-31,775.0,779.0,768.4,770.3,8537557
2023-02-01,775.95,784.65,756.6,769.1,4472974
2023-02-02,765.1,781.0,765.05,777.75,2841909
2023-02-03,779.9,794.95,778.4,792.9,5493687
2023-02-06,789.7,794.65,778.8,789.25,2407975
2023-02-07,793.9,795.85,783.0,785.9,4126502
2023-02-08,778.0,781.0,765.0,775.1,9951783
2023-02-09,770.0,775.1,761.3,766.65,5913945
2023-02-10,768.95,773.2,761.0,771.95,2954992
2023-02-13,771.0,779.6,766.7,768.6,3705892
2023-02-14,769.0,777.6,766.2,775.2,3502010
2023-02-15,775.0,787.15,772.2,785.4,3602838
2023-02-16,789.65,790.5,780.6,784.45,3399428
2023-02-17,785.95,787.45,770.3,776.8,3093216
2023-02-20,781.25,793.8,777.1,779.15,3381774
2023-02-21,783.05,788.0,778.15,779.05,2769616
2023-02-22,777.0,781.65,766.5,772.15,3261898
2023-02-23,774.0,777.5,761.85,762.95,4062194
2023-02-24,775.7,775.8,755.0,757.1,4357223
2023-02-27,753.0,754.4,738.45,752.9,6719439
2023-02-28,755.0,757.1,739.65,742.25,10562614
2023-03-01,742.4,753.45,741.0,750.2,3744982
2023-03-02,751.0,751.8,735.8,740.1,4910541
2023-03-03,745.0,765.9,743.55,764.4,5759333
2023-03-06,766.7,775.9,765.1,766.6,4597345
2023-03-08,764.0,769.9,760.7,766.55,3546995
2023-03-09,795.0,795.0,770.2,773.4,5240056
2023-03-10,773.0,778.95,768.2,773.75,4113931
2023-03-13,777.45,777.8,763.15,765.3,3447889
2023-03-14,764.0,776.75,764.0,771.8,3753502
2023-03-15,758.0,765.55,752.5,756.65,8101060
2023-03-16,750.0,759.0,743.5,745.95,7465693
2023-03-17,750.0,759.45,739.15,757.25,9306857
2023-03-20,754.95,759.8,748.8,754.8,3566109
2023-03-21,760.0,766.0,755.15,756.95,5332221
2023-03-22,761.0,763.2,753.15,756.7,2680654
2023-03-23,758.0,765.8,756.85,763.55,2454948
2023-03-24,763.55,767.0,758.85,762.45,2336818
2023-03-27,763.0,769.7,759.35,761.75,2258853
2023-03-28,765.6,765.6,742.8,748.45,4166723
2023-03-29,751.0,754.9,738.85,743.6,4891868
2023-03-31,752.15,753.0,742.05,749.0,5796532
2023-04-03,755.0,761.9,752.05,760.55,2120667
2023-04-05,768.0,768.0,756.0,763.45,3197932
2023-04-06,762.6,768.7,759.1,765.95,1777379
2023-04-10,768.95,776.3,766.45,769.75,1701065
2023-04-11,776.0,776.0,768.15,774.15,3485481
2023-04-12,774.0,774.55,765.1,771.1,3794841
2023-04-13,770.0,771.15,765.45,767.05,4292170
2023-04-17,789.0,789.0,754.35,759.65,9083437
2023-04-18,765.0,765.0,752.55,759.75,4051481
2023-04-19,761.35,766.85,756.0,764.65,3429794
2023-04-20,764.0,773.75,762.6,772.3,2355441
2023-04-21,769.6,775.25,764.45,765.2,4524208
2023-04-24,765.2,767.4,755.65,760.25,5271105
2023-04-25,764.95,777.0,761.75,772.6,5773233
2023-04-26,779.9,779.9,767.1,773.45,5057352
2023-04-27,772.0,789.2,771.35,786.5,4129769
2023-04-28,789.85,802.05,787.2,799.3,6572656
2023-05-02,800.25,806.8,788.55,790.2,6301210
2023-05-03,794.5,794.5,777.2,779.3,3908267
2023-05-04,779.3,792.7,773.65,789.1,2457671
2023-05-05,789.1,790.95,780.25,787.3,1438467
2023-05-08,789.9,795.3,785.2,793.75,2489174
2023-05-09,796.9,798.35,790.5,793.6,2486331
2023-05-10,797.0,797.55,788.05,796.05,2737334
2023-05-11,794.55,794.55,783.7,788.6,4808171
2023-05-12,787.5,793.7,784.5,791.95,2576010
2023-05-15,793.0,802.5,789.55,797.05,7569060
2023-05-16,800.85,801.25,784.0,787.35,4846217
2023-05-17,788.0,797.65,783.9,792.25,6529233
2023-05-18,797.95,803.0,794.65,799.35,11383252
2023-05-19,799.35,808.35,793.25,805.75,3432240
2023-05-22,801.0,804.0,799.5,801.85,9996762
2023-05-23,808.95,808.95,797.95,799.95,6516636
2023-05-24,802.9,802.9,795.0,801.4,9104329
2023-05-25,799.6,825.5,797.85,822.7,9570396
2023-05-26,827.9,829.35,813.4,817.95,6150206
2023-05-29,829.4,829.4,818.0,821.25,3684829
2023-05-30,821.25,826.35,812.8,818.45,5148256
2023-05-31,819.0,888.75,818.0,849.9,47342125
2023-06-01,837.95,837.95,823.0,827.95,9713155
2023-06-02,832.8,839.3,826.95,836.5,6834131
2023-06-05,838.5,841.35,832.15,834.5,5298053
2023-06-06,834.5,838.25,826.15,829.45,2722174
2023-06-07,828.9,847.5,827.25,844.25,4110739
2023-06-08,847.7,849.4,834.55,836.0,4050621
2023-06-09,838.55,839.8,828.95,833.5,3332436
2023-06-12,834.85,843.1,831.75,836.35,1569715
2023-06-13,838.1,844.0,832.75,834.35,3224345
2023-06-14,832.0,833.95,819.0,827.95,5108720
2023-06-15,827.0,833.8,824.2,829.7,3865201
2023-06-16,822.5,840.0,820.8,837.8,4907797
2023-06-19,840.0,840.0,827.5,828.15,3017364
2023-06-20,828.1,833.7,826.85,831.2,2691557
2023-06-21,832.0,840.75,830.4,839.0,3022724
2023-06-22,836.7,843.5,834.7,842.8,4380046
2023-06-23,844.0,862.75,841.35,854.8,7667340
2023-06-26,857.35,857.35,846.35,851.95,4431992
2023-06-27,856.5,871.35,853.6,864.9,5533649
2023-06-28,869.5,873.6,863.6,872.2,6272649
2023-06-30,880.0,883.0,867.05,878.75,5217511
2023-07-03,880.0,884.15,874.6,879.15,3333167
2023-07-04,873.8,873.8,853.3,865.15,7397493
2023-07-05,868.0,871.0,863.05,866.65,4284477
2023-07-06,864.35,877.9,863.45,869.65,6365222
2023-07-07,865.0,883.6,862.5,870.45,18763997
2023-07-10,867.0,889.6,865.0,885.4,4310681
2023-07-11,890.0,893.15,886.3,891.9,3353977
2023-07-12,889.95,895.7,883.1,889.95,3033186
2023-07-13,891.35,893.3,883.25,885.05,4228714
2023-07-14,885.0,890.25,879.65,886.5,3860080
2023-07-17,886.0,896.65,876.0,878.1,5614592
2023-07-18,877.05,880.2,863.15,875.45,4731911
2023-07-19,875.45,877.0,867.2,870.75,6641825
2023-07-20,871.0,886.7,868.0,884.85,3779959
2023-07-21,878.1,891.9,874.8,886.0,7001587
2023-07-24,885.0,892.6,880.8,888.15,4125577
2023-07-25,888.0,894.7,879.1,883.65,3652262
2023-07-26,886.5,896.5,883.3,889.4,2845581
2023-07-27,889.35,901.4,888.15,895.15,3445446
2023-07-28,899.9,899.9,890.55,895.1,2314339
2023-07-31,894.0,897.8,885.25,889.9,4424817
2023-08-01,894.5,897.4,888.15,891.65,2087412
2023-08-02,883.2,890.65,872.6,878.1,3328903
2023-08-03,875.0,882.05,865.1,871.7,4642067
2023-08-04,869.0,892.95,866.2,889.65,7066276
2023-08-07,885.15,900.55,884.1,891.4,4086452
2023-08-08,892.0,894.3,880.45,885.4,3282856
2023-08-09,885.0,897.45,878.8,883.7,3185159
2023-08-10,882.0,883.9,868.2,874.8,3439922
2023-08-11,872.0,873.7,865.0,870.55,2812690
2023-08-14,870.5,870.6,857.6,867.05,2665905
2023-08-16,870.0,874.0,853.2,856.95,3962408
2023-08-17,857.2,859.85,850.0,856.7,3013019
2023-08-18,856.7,862.0,852.25,856.25,4929835
2023-08-21,855.65,874.0,854.1,871.95,3220142
2023-08-22,871.0,879.95,866.2,877.65,3333869
2023-08-23,877.0,877.0,866.8,868.15,1860153
2023-08-24,873.0,874.7,864.2,869.45,2842728
2023-08-25,869.45,875.95,861.1,873.5,3124339
2023-08-28,874.05,875.75,865.85,870.35,3094455
2023-08-29,870.0,870.0,848.5,855.2,14064286
2023-08-30,859.85,862.6,856.45,857.75,3261665
2023-08-31,855.5,859.5,847.05,856.4,12528190
2023-09-01,853.15,867.55,852.75,865.95,4427899
2023-09-04,865.75,869.45,859.7,865.3,3102649
2023-09-05,863.1,867.8,858.4,865.9,2216754
2023-09-06,867.15,882.4,865.8,880.3,4235096
2023-09-07,880.3,883.7,873.15,875.3,4532834
2023-09-08,881.8,890.65,878.15,885.85,3741470
2023-09-11,888.0,892.3,883.6,890.8,2733894
2023-09-12,894.9,896.5,885.0,890.4,4106031
2023-09-13,888.05,918.0,885.55,915.15,5222561
2023-09-14,920.3,920.6,910.1,914.95,5513106
2023-09-15,912.6,948.7,910.0,936.15,14003428
2023-09-18,929.4,935.8,918.0,920.2,2977375
2023-09-20,911.0,919.3,904.8,910.7,5241903
2023-09-21,910.2,920.15,903.35,917.95,4896202
2023-09-22,917.95,922.35,903.8,911.4,6112928
2023-09-25,912.0,913.35,902.05,910.4,5278045
2023-09-26,910.0,920.95,908.0,912.7,5355047
2023-09-27,914.95,921.05,907.45,920.25,4713145
2023-09-28,926.0,932.0,918.6,925.65,7386917
2023-09-29,932.0,936.4,921.8,926.4,5608557
2023-10-03,918.25,928.25,916.05,925.3,4338272
2023-10-04,918.3,925.95,918.3,924.25,5603669
2023-10-05,925.05,929.6,919.4,928.85,7063132
2023-10-06,929.2,929.2,924.3,926.05,2420855
2023-10-09,918.0,928.05,916.55,924.55,2248103
2023-10-10,924.55,954.05,921.05,948.35,7897875
2023-10-11,948.5,956.8,948.0,955.6,5645289
2023-10-12,955.6,956.8,947.0,950.35,5544735
2023-10-13,946.3,955.95,946.3,954.2,4421671
2023-10-16,957.95,958.75,943.85,946.55,1881721
2023-10-17,946.55,960.25,946.0,953.65,3863410
2023-10-18,953.0,958.9,950.65,952.85,2334392
2023-10-19,945.8,951.3,941.35,942.95,4306963
2023-10-20,937.8,947.5,937.0,945.2,3125104
2023-10-23,941.6,949.1,937.0,939.3,2180066
2023-10-25,924.6,939.65,919.0,922.6,6365249
2023-10-26,921.65,924.6,900.05,905.5,6595332
2023-10-27,910.75,918.4,906.45,914.6,3508393
2023-10-30,914.8,931.95,910.35,926.25,3686773
2023-10-31,920.3,923.55,912.4,914.4,5697563
2023-11-01,903.0,914.55,895.45,913.45,4821458
2023-11-02,920.0,925.95,916.4,923.85,6611573
2023-11-03,925.0,933.7,922.2,930.75,3895154
2023-11-06,934.2,940.7,930.0,939.2,2760800
2023-11-07,936.05,938.95,932.45,937.15,3616946
2023-11-08,941.8,941.8,934.4,936.75,1808553
2023-11-09,936.75,937.3,930.55,932.35,3914416
2023-11-10,929.0,937.0,929.0,935.5,1345614
2023-11-12,940.0,940.0,933.0,938.0,174810
2023-11-13,938.0,940.3,933.8,935.0,1656368
2023-11-15,948.0,952.7,936.2,950.0,4816316
2023-11-16,949.0,953.9,943.25,949.55,5310736
2023-11-17,948.8,954.0,946.0,947.3,3249469
2023-11-20,949.0,964.3,941.95,961.4,4646962
2023-11-21,967.0,976.35,961.0,970.85,5704644
2023-11-22,974.3,976.3,965.95,969.75,3309732
2023-11-23,970.0,981.0,963.7,976.65,2749555
2023-11-24,975.0,977.15,971.0,973.15,2322104
2023-11-28,974.05,988.0,971.2,984.9,5096984
2023-11-29,995.9,1007.1,990.95,995.4,5647918
2023-11-30,995.0,1018.2,992.7,1014.7,9934052
2023-12-01,1015.0,1022.55,1008.2,1014.7,5544950
2023-12-04,1036.0,1044.0,1025.2,1032.9,5164902
2023-12-05,1038.8,1045.95,1022.1,1031.1,4266159
2023-12-06,1029.1,1035.0,1013.45,1024.45,4121251
2023-12-07,1015.0,1019.7,998.0,1000.0,13805235
2023-12-08,998.7,1004.0,991.3,1000.25,6630766
2023-12-11,996.1,1004.6,992.05,1000.85,6195119
2023-12-12,999.25,1000.85,987.0,995.25,7119331
2023-12-13,993.2,1002.0,991.5,999.9,4153219
2023-12-14,1006.0,1011.2,999.15,1005.2,6541673
2023-12-15,999.65,1010.85,988.25,992.55,10119597
2023-12-18,995.0,998.8,982.15,990.25,5750263
2023-12-19,995.45,997.95,985.9,988.45,3912964
2023-12-20,992.9,993.65,969.0,971.55,3990591
2023-12-21,968.0,981.55,960.0,977.9,4294277
2023-12-22,981.9,998.95,975.55,989.55,4605120
2023-12-26,995.0,1002.5,989.65,999.85,2460643
2023-12-27,1000.0,1024.05,998.0,1021.2,4791379
2023-12-28,1023.9,1041.95,1022.2,1036.7,5288328
2023-12-29,1033.15,1043.25,1024.4,1032.2,4631749
2024-01-01,1031.95,1031.95,1007.0,1013.05,3804406
2024-01-02,1017.4,1025.45,1016.0,1021.7,6865791
2024-01-03,1031.95,1037.0,1021.35,1035.2,3604276
2024-01-04,1035.25,1058.8,1027.55,1047.9,4664043
2024-01-05,1053.8,1063.65,1038.95,1046.6,4008221
2024-01-08,1050.0,1059.0,1045.25,1049.05,4489695
2024-01-09,1057.0,1067.9,1048.05,1064.5,3371125
2024-01-10,1066.95,1073.3,1055.3,1062.7,3111573
2024-01-11,1065.75,1073.9,1057.35,1062.85,2604325
2024-01-12,1058.1,1078.55,1051.6,1076.35,3394013
2024-01-15,1078.05,1104.7,1074.55,1102.4,3312897
2024-01-16,1107.0,1117.0,1093.0,1095.9,5025540
2024-01-17,1092.0,1108.95,1078.8,1085.25,4568700
2024-01-18,1075.2,1096.0,1075.2,1087.05,4407330
2024-01-19,1091.0,1136.35,1089.8,1125.0,11753391
2024-01-20,1128.05,1139.25,1118.75,1123.75,1919442
2024-01-23,1145.0,1172.55,1135.0,1158.0,18194595
2024-01-24,1140.1,1194.0,1140.1,1189.95,9546592
2024-01-25,1186.0,1200.65,1157.05,1160.55,11424697
2024-01-29,1158.0,1169.75,1158.0,1162.15,4015858
2024-01-30,1162.15,1180.85,1154.55,1158.65,3902023
2024-01-31,1159.0,1175.05,1146.2,1170.7,5981966
2024-02-01,1165.05,1170.2,1148.95,1151.2,3606209
2024-02-02,1155.0,1175.2,1145.3,1150.8,4969983
2024-02-05,1154.35,1159.65,1110.0,1113.55,7809331
2024-02-06,1125.0,1156.1,1123.0,1134.05,9863065
2024-02-07,1138.8,1148.25,1131.8,1134.3,2770694
2024-02-08,1144.4,1146.5,1116.2,1142.15,6519392
2024-02-09,1145.95,1145.95,1116.25,1120.25,4203171
2024-02-12,1122.9,1129.0,1111.3,1118.7,3887976
2024-02-13,1111.0,1125.0,1103.8,1117.85,3211554
2024-02-14,1110.0,1121.15,1104.7,1115.85,4653070
2024-02-15,1122.3,1131.45,1109.4,1120.7,5056712
2024-02-16,1124.0,1127.05,1116.85,1120.0,3091952
2024-02-19,1121.05,1145.0,1118.35,1142.2,4711035
2024-02-20,1145.0,1151.6,1135.0,1143.95,5397418
2024-02-21,1155.0,1159.15,1132.6,1139.9,4570259
2024-02-22,1137.6,1138.75,1097.65,1135.55,8642368
2024-02-23,1127.0,1131.85,1115.3,1125.75,6709844
2024-02-26,1118.1,1125.9,1104.35,1110.05,3186134
2024-02-27,1113.0,1131.0,1101.3,1127.5,7149094
2024-02-28,1133.4,1152.65,1123.5,1128.75,5302711
2024-02-29,1118.85,1137.95,1099.0,1123.35,13818650
2024-03-01,1128.0,1140.75,1117.4,1128.7,5927490
2024-03-02,1128.7,1135.0,1123.55,1131.1,133654
2024-03-04,1132.0,1149.25,1132.0,1133.5,5855090
2024-03-05,1133.05,1179.75,1133.05,1168.9,5375008
2024-03-06,1173.95,1196.6,1157.35,1193.7,5464839
2024-03-07,1209.85,1213.6,1189.45,1199.7,8903981
2024-03-11,1186.0,1218.3,1186.0,1196.6,6679208
2024-03-12,1200.0,1208.0,1197.8,1204.25,4249548
2024-03-13,1212.0,1212.0,1151.7,1168.75,7528096
2024-03-14,1173.95,1199.7,1163.55,1194.6,8569080
2024-03-15,1190.0,1222.8,1187.85,1220.0,10115416
2024-03-18,1225.0,1230.55,1215.2,1225.3,4141080
2024-03-19,1216.2,1240.4,1214.6,1228.35,7703719
2024-03-20,1228.25,1239.0,1223.65,1231.8,6596032
2024-03-21,1238.0,1242.9,1214.1,1220.8,9952250
2024-03-22,1226.95,1245.0,1222.0,1236.1,7840007
2024-03-26,1225.0,1234.0,1210.0,1213.1,10898138
2024-03-27,1210.55,1228.25,1210.55,1224.8,5779169
2024-03-28,1226.95,1238.5,1220.3,1228.6,10518377
2024-04-01,1228.0,1231.9,1208.0,1217.35,5461473
2024-04-02,1225.0,1227.75,1203.2,1208.25,3625577
2024-04-03,1195.0,1240.6,1189.45,1225.7,9532291
2024-04-04,1231.95,1233.0,1201.3,1206.85,7327626
2024-04-05,1205.9,1211.35,1188.95,1191.0,4227519
2024-04-08,1188.0,1210.55,1183.1,1204.7,4827733
2024-04-09,1214.95,1214.95,1198.3,1204.45,3372798
2024-04-10,1213.25,1230.7,1208.75,1229.4,6442196
2024-04-12,1226.1,1231.85,1219.55,1225.55,7877073
2024-04-15,1210.6,1235.0,1210.35,1224.55,4281602
2024-04-16,1223.9,1233.95,1212.05,1216.45,5235632
2024-04-18,1220.0,1281.85,1215.8,1265.75,19939924
2024-04-19,1280.0,1296.5,1253.35,1289.0,13103862
2024-04-22,1304.0,1305.4,1288.25,1297.55,7894656
2024-04-23,1310.0,1351.0,1302.1,1342.35,12074766
2024-04-24,1352.0,1354.0,1333.55,1336.4,6277492
2024-04-25,1331.0,1343.8,1324.35,1338.7,8512627
2024-04-26,1338.0,1345.7,1322.0,1326.0,5289771
2024-04-29,1324.5,1346.0,1320.0,1332.45,3195888
2024-04-30,1323.15,1334.8,1319.95,1322.3,5272565
2024-05-02,1315.25,1319.9,1293.6,1304.05,7995432
2024-05-03,1306.0,1310.5,1258.15,1277.4,11290875
2024-05-06,1275.0,1298.45,1273.2,1283.4,5555467
2024-05-07,1286.35,1294.45,1271.0,1286.15,5767030
2024-05-08,1276.15,1299.4,1274.7,1288.6,2682816
2024-05-09,1283.0,1295.3,1270.05,1275.45,4809145
2024-05-10,1275.05,1308.5,1271.75,1301.15,5532513
2024-05-13,1301.15,1302.9,1281.4,1285.95,3703942
2024-05-14,1290.55,1299.9,1280.7,1284.3,3262908
2024-05-15,1281.55,1318.25,1280.5,1309.9,6891004
2024-05-16,1328.0,1356.85,1321.3,1345.1,11932181
2024-05-17,1353.6,1360.0,1339.25,1344.45,6614017
2024-05-18,1347.95,1351.0,1341.45,1347.75,149406
2024-05-21,1356.0,1362.75,1335.75,1344.3,5422220
2024-05-22,1342.15,1351.0,1329.55,1347.9,3026723
2024-05-23,1350.75,1377.3,1344.3,1374.05,7147341
2024-05-24,1375.5,1397.75,1374.05,1388.5,5622368
2024-05-27,1396.0,1407.0,1378.0,1384.35,6553974
2024-05-28,1384.8,1386.95,1366.9,1371.05,2068963
2024-05-29,1355.5,1390.25,1355.5,1377.1,4445083
2024-05-30,1378.8,1386.45,1363.5,1377.15,7100303
2024-05-31,1380.0,1388.0,1338.0,1372.75,24825643
2024-06-03,1415.3,1420.45,1385.0,1391.1,6017122
2024-06-04,1391.1,1397.0,1219.05,1299.7,19924421
2024-06-05,1325.65,1348.75,1279.85,1344.35,12175520
2024-06-06,1359.0,1376.25,1329.0,1370.6,10279789
2024-06-07,1370.6,1430.65,1363.15,1425.25,12280748
2024-06-10,1421.05,1436.65,1421.05,1426.05,5318477
2024-06-11,1426.0,1434.6,1413.0,1427.25,4416792
2024-06-12,1425.0,1447.85,1422.1,1438.4,4876138
2024-06-13,1449.0,1455.95,1420.45,1425.75,7990376
2024-06-14,1434.0,1434.0,1420.95,1427.4,3978442
2024-06-18,1444.0,1444.0,1418.0,1428.35,8671131
2024-06-19,1433.95,1434.8,1388.3,1392.35,8640918
2024-06-20,1405.95,1406.95,1376.25,1381.15,8742855
2024-06-21,1384.95,1423.95,1372.85,1416.05,43929578
2024-06-24,1402.0,1423.8,1389.35,1419.8,6195831
2024-06-25,1434.0,1434.0,1409.85,1414.95,6353748
2024-06-26,1414.95,1479.95,1408.95,1459.5,9579826
2024-06-27,1464.0,1489.0,1440.05,1475.8,19675528
2024-06-28,1536.25,1536.25,1436.65,1444.05,29145832
2024-07-01,1450.0,1466.8,1449.25,1454.0,6011806
2024-07-02,1462.0,1473.4,1417.0,1418.95,7792632
2024-07-03,1427.95,1432.4,1408.45,1419.85,8261388
2024-07-04,1418.0,1441.1,1411.5,1423.05,9570938
2024-07-05,1422.5,1433.6,1416.85,1429.7,4881198
2024-07-08,1431.0,1438.85,1423.15,1435.15,3261797
2024-07-09,1436.0,1441.65,1428.15,1435.55,2897480
2024-07-10,1441.0,1448.75,1426.15,1445.05,3416762
2024-07-11,1450.0,1450.85,1428.0,1437.95,4178558
2024-07-12,1442.0,1447.6,1421.45,1433.25,6342135
2024-07-15,1433.25,1440.0,1426.05,1437.6,3324806
2024-07-16,1452.0,1473.3,1445.0,1466.5,6967651
2024-07-18,1466.0,1485.95,1459.05,1483.65,6470342
2024-07-19,1480.0,1480.0,1451.95,1461.75,3858596
2024-07-22,1450.0,1472.0,1449.05,1465.4,3560584
2024-07-23,1470.0,1470.0,1428.45,1465.7,2936143
2024-07-24,1466.0,1475.6,1436.55,1455.2,4529339
2024-07-25,1445.0,1454.0,1440.1,1449.15,4277756
2024-07-26,1450.25,1520.0,1449.15,1514.4,9564987
2024-07-29,1525.0,1525.0,1477.05,1481.35,4589313
2024-07-30,1484.4,1484.9,1464.05,1470.35,4263689
2024-07-31,1477.85,1504.15,1473.15,1491.55,5634305
2024-08-01,1485.0,1511.0,1485.0,1505.5,4531379
2024-08-02,1494.1,1505.15,1483.6,1493.8,3335905
2024-08-05,1482.0,1488.0,1451.5,1465.7,5111901
2024-08-06,1483.1,1492.9,1431.1,1443.55,8249573
2024-08-07,1452.0,1454.9,1422.6,1441.75,5700734
2024-08-08,1435.0,1466.5,1430.0,1451.8,5986360
2024-08-09,1465.0,1482.0,1457.3,1464.1,3615910
2024-08-12,1466.0,1477.5,1445.0,1458.6,4028226
2024-08-13,1468.0,1478.4,1450.35,1459.7,4495208
2024-08-14,1453.1,1480.1,1453.1,1471.7,5891784
2024-08-16,1480.0,1491.0,1468.1,1483.55,7176426
2024-08-19,1487.0,1489.1,1464.3,1469.65,4404075
2024-08-20,1480.0,1484.75,1446.5,1449.15,10046892
2024-08-21,1453.0,1466.6,1447.7,1463.45,6175510
2024-08-22,1473.7,1499.9,1465.0,1486.35,6781325
2024-08-23,1493.0,1510.0,1479.35,1506.75,6238112
2024-08-26,1509.0,1520.7,1505.0,1513.55,4307432
2024-08-27,1518.0,1526.35,1502.0,1522.75,3965066
2024-08-28,1527.95,1564.5,1521.65,1556.35,6225319
2024-08-29,1565.0,1571.7,1545.95,1565.9,8036748
2024-08-30,1576.0,1608.4,1561.6,1589.05,37820442
2024-09-02,1605.0,1605.0,1565.5,1571.35,4890314
2024-09-03,1579.0,1579.0,1558.6,1560.6,4546295
2024-09-04,1558.0,1566.0,1542.0,1561.9,5213811
2024-09-05,1559.0,1563.0,1541.5,1547.2,5652812
2024-09-06,1552.8,1555.6,1530.2,1539.25,5497805
2024-09-09,1523.25,1546.75,1523.25,1542.65,3912508
2024-09-10,1545.15,1586.0,1545.15,1577.85,6163457
2024-09-11,1578.45,1598.9,1574.45,1577.8,5994914
2024-09-12,1596.15,1652.8,1590.1,1646.75,12204496
2024-09-13,1651.0,1654.9,1631.05,1634.45,5609618
2024-09-16,1634.45,1652.95,1630.1,1635.45,3762063
2024-09-17,1650.0,1666.05,1638.5,1661.75,4223072
2024-09-18,1655.2,1670.95,1647.85,1654.9,3171195
2024-09-19,1647.7,1711.7,1647.7,1664.85,8498240
2024-09-20,1671.0,1723.4,1666.0,1711.75,21646275
2024-09-23,1719.0,1754.25,1719.0,1750.45,5001827
2024-09-24,1752.0,1767.55,1746.1,1756.65,7579205
2024-09-25,1755.55,1766.9,1745.0,1760.4,4017103
2024-09-26,1770.0,1779.0,1746.15,1771.1,7417423
2024-09-27,1755.2,1763.45,1722.5,1734.6,7116861
2024-09-30,1714.0,1733.0,1704.2,1709.55,6907288
2024-10-01,1705.0,1722.85,1696.0,1698.7,3649090
2024-10-03,1665.0,1695.0,1665.0,1673.45,7200276
2024-10-04,1670.05,1686.7,1630.15,1640.9,8576527
2024-10-07,1651.0,1670.0,1642.45,1662.05,5387707
2024-10-08,1662.6,1679.5,1652.0,1657.45,5224335
2024-10-09,1666.75,1704.6,1661.05,1678.1,3414614
2024-10-10,1686.6,1698.95,1665.0,1678.1,5047657
2024-10-11,1678.1,1690.25,1658.65,1687.4,2367678
2024-10-14,1686.0,1710.05,1679.35,1695.6,2069815
2024-10-15,1708.0,1732.75,1699.95,1717.25,5891334
2024-10-16,1720.0,1742.25,1717.1,1733.95,3299887
2024-10-17,1736.75,1737.95,1694.4,1701.15,4373392
2024-10-18,1710.0,1716.1,1685.2,1707.85,4154915
2024-10-21,1705.55,1708.95,1662.0,1692.55,3836168
2024-10-22,1692.0,1712.9,1687.35,1692.25,3070057
2024-10-23,1690.0,1701.35,1680.1,1685.8,2764757
2024-10-24,1687.0,1693.0,1657.4,1678.45,3669575
2024-10-25,1681.1,1684.75,1655.85,1666.0,3434386
2024-10-28,1658.15,1677.85,1645.65,1663.35,2811651
2024-10-29,1650.5,1667.95,1610.0,1637.1,6990747
2024-10-30,1627.8,1651.0,1617.8,1633.35,4622628
2024-10-31,1634.0,1638.8,1602.15,1612.6,4921681
2024-11-01,1620.0,1626.35,1605.35,1616.45,279441
2024-11-04,1619.15,1623.85,1573.05,1591.25,6094029
2024-11-05,1583.25,1593.9,1566.0,1578.4,6473278
2024-11-06,1583.0,1610.75,1566.5,1598.8,6631728
2024-11-07,1595.95,1608.55,1569.65,1575.8,5160994
2024-11-08,1571.0,1579.5,1558.85,1569.9,3096384
2024-11-11,1561.0,1581.6,1551.8,1560.55,3664301
2024-11-12,1568.8,1595.0,1550.1,1555.65,4479934
2024-11-13,1559.9,1572.5,1546.35,1550.45,5816699
2024-11-14,1550.0,1568.0,1536.55,1550.5,5139154
2024-11-18,1568.95,1568.95,1529.45,1537.0,4816078
2024-11-19,1537.0,1558.0,1519.3,1525.5,6238241
2024-11-21,1538.0,1542.05,1511.0,1525.15,7356679
2024-11-22,1533.0,1575.0,1520.2,1569.3,7640321
2024-11-25,1581.95,1609.25,1562.55,1578.75,12155641
2024-11-26,1590.0,1604.85,1566.0,1577.25,4030593
2024-11-27,1569.15,1583.75,1554.15,1577.65,4982785
2024-11-28,1571.0,1588.5,1556.95,1560.4,6714728
2024-11-29,1551.15,1648.9,1551.15,1627.15,10775801
2024-12-02,1627.15,1646.2,1617.2,1643.6,3790108
2024-12-03,1652.9,1652.9,1613.15,1620.55,9131055
2024-12-04,1629.75,1630.5,1582.4,1584.1,8772014
2024-12-05,1600.0,1622.05,1585.35,1615.35,10324005
2024-12-06,1618.0,1624.65,1594.8,1597.85,4296866
2024-12-09,1595.9,1605.9,1589.05,1602.55,4264409
2024-12-10,1610.55,1611.85,1570.05,1578.65,14645786
2024-12-11,1588.0,1588.0,1571.2,1586.0,3853182
2024-12-12,1578.5,1617.9,1578.5,1610.55,13120939
2024-12-13,1618.0,1685.0,1606.8,1681.75,12900707
2024-12-16,1681.75,1687.0,1660.15,1662.55,4375126
2024-12-17,1650.5,1658.65,1608.5,1615.3,6182486
2024-12-18,1621.4,1623.0,1596.1,1601.9,3905144
2024-12-19,1586.4,1609.75,1585.45,1600.3,5865855
2024-12-20,1610.0,1622.3,1573.4,1578.1,9738879
2024-12-23,1586.0,1607.45,1578.35,1586.9,4363599
2024-12-24,1590.0,1598.8,1575.0,1583.9,3610076
2024-12-26,1583.9,1606.85,1581.1,1599.5,3400479
2024-12-27,1599.5,1628.45,1596.3,1599.85,2559578
2024-12-30,1605.0,1613.05,1581.1,1586.9,4438130
2024-12-31,1583.0,1597.2,1563.35,1587.75,2249626
2025-01-01,1593.0,1606.55,1584.05,1595.7,1405565
2025-01-02,1599.9,1619.6,1588.4,1609.7,3728040
2025-01-03,1615.0,1617.0,1593.3,1598.85,3669685
2025-01-06,1596.15,1609.85,1567.1,1588.45,4584188
2025-01-07,1594.0,1603.0,1584.05,1590.85,2830856
2025-01-08,1598.75,1613.45,1577.85,1599.2,3674564
2025-01-09,1600.0,1620.2,1592.4,1607.05,4684859
2025-01-10,1608.0,1625.0,1591.8,1615.9,4145892
2025-01-13,1580.0,1614.7,1578.1,1597.2,3705039
2025-01-14,1604.7,1633.4,1578.5,1600.1,7284572
2025-01-15,1608.05,1613.85,1593.0,1607.45,2960985
2025-01-16,1619.05,1635.0,1600.55,1630.2,5299325
2025-01-17,1630.1,1639.0,1623.0,1627.5,2678801
2025-01-20,1638.0,1645.0,1618.1,1641.15,3933044
2025-01-21,1654.0,1656.7,1620.3,1626.15,7958844
2025-01-22,1627.5,1641.0,1622.55,1631.75,3262136
2025-01-23,1624.5,1645.4,1617.2,1636.0,2457080
2025-01-24,1634.05,1661.9,1634.05,1644.8,3620058
2025-01-27,1638.95,1647.2,1593.7,1602.6,6622807
2025-01-28,1607.65,1630.3,1597.0,1618.35,5216471
2025-01-29,1620.0,1626.9,1593.15,1600.45,5009227
2025-01-30,1606.7,1644.95,1595.2,1640.75,4283637
2025-01-31,1639.1,1639.1,1574.25,1626.3,8340866
2025-02-01,1627.0,1644.0,1609.2,1623.25,2741589
2025-02-03,1619.9,1661.0,1608.1,1652.35,4146970
2025-02-04,1662.15,1668.3,1629.05,1661.45,6385876
2025-02-05,1670.0,1675.2,1649.1,1660.45,3920893
2025-02-06,1665.9,1667.3,1613.25,1619.75,5229162
2025-02-07,1635.05,1707.55,1635.0,1676.75,14873255
2025-02-10,1698.85,1700.0,1678.05,1693.05,6782878
2025-02-11,1706.0,1706.65,1686.2,1696.75,8965266
2025-02-12,1704.0,1713.7,1684.5,1711.55,7148192
2025-02-13,1710.0,1728.4,1703.9,1714.6,5356002
2025-02-14,1714.0,1724.1,1705.25,1717.05,5125863
2025-02-17,1711.75,1716.9,1666.25,1675.55,4906462
2025-02-18,1692.0,1695.95,1655.8,1668.9,7529598
2025-02-19,1670.0,1673.45,1638.45,1645.2,7776555
2025-02-20,1639.85,1649.8,1627.25,1643.5,5524503
2025-02-21,1643.5,1658.7,1629.2,1639.25,5447583
2025-02-24,1627.0,1637.55,1598.0,1601.3,4673190
2025-02-25,1597.0,1649.15,1597.0,1641.4,6286808
2025-02-27,1643.4,1656.0,1638.65,1650.4,7568745
2025-02-28,1641.95,1648.45,1559.5,1570.2,13640211
2025-03-03,1579.0,1602.75,1572.75,1595.8,6993525
2025-03-04,1589.0,1590.5,1568.0,1575.35,5219668
2025-03-05,1578.0,1626.1,1577.1,1618.25,6295425
2025-03-06,1618.0,1631.75,1590.45,1626.9,5174009
2025-03-07,1629.0,1642.4,1615.6,1630.7,3035558
2025-03-10,1640.0,1654.9,1626.6,1630.95,3778450
2025-03-11,1630.0,1676.4,1624.05,1662.95,6078564
2025-03-12,1690.0,1716.65,1634.0,1642.85,9907628
2025-03-13,1650.8,1656.9,1629.6,1632.5,8317331
2025-03-17,1612.2,1648.4,1612.2,1639.15,6405525
2025-03-18,1649.5,1655.0,1622.1,1627.3,6539954
2025-03-19,1635.0,1642.05,1627.5,1637.15,6283464
2025-03-20,1660.0,1709.65,1646.1,1705.25,12074465
2025-03-21,1709.65,1731.4,1692.0,1725.8,14715349
2025-03-24,1740.0,1740.0,1714.85,1718.8,4120999
2025-03-25,1725.0,1740.5,1706.1,1730.5,4857399
2025-03-26,1739.15,1765.0,1726.15,1738.55,7142394
2025-03-27,1739.95,1746.4,1713.25,1724.7,6222339
2025-03-28,1733.3,1745.75,1660.0,1733.4,4133264
2025-04-01,1715.0,1765.0,1708.45,1724.15,6773056
2025-04-02,1720.0,1760.4,1716.95,1754.6,6431226
2025-04-03,1748.0,1754.95,1735.45,1746.0,2341989
2025-04-04,1754.5,1770.8,1740.0,1743.45,7817334
2025-04-07,1730.0,1774.75,1669.4,1686.65,14870388
