timestamp,close,LogReturns_1D,Shocked_Close_1D,SimReturns_1D,LogReturns_2D,Shocked_Close_2D,SimReturns_2D,LogReturns_5D,Shocked_Close_5D,SimReturns_5D
2024-04-12,22519.4,,,,,,,,,
2024-04-15,22272.5,-0.011024426319883079,22578.260516488004,-250.28948351199506,,,,,,
2024-04-16,22147.9,-0.005610049742502448,22700.839265686383,-127.71073431361583,-0.016634476062385474,22451.949987344247,-376.6000126557519,,,
2024-04-18,21995.85,-0.006888884669556557,22671.827194338963,-156.72280566103655,-0.012498934412059005,22544.993221124703,-283.556778875296,,,
2024-04-19,22147.0,0.006848247937105312,22985.422106897437,156.87210689743733,-4.063673245120416e-05,22827.62234117004,-0.9276588299580908,,,
2024-04-22,22336.4,0.008515587591357532,23023.778580394635,195.22858039463608,0.015363835528462854,23181.992249447056,353.4422494470564,-0.008159525203479139,22643.03774612112,-185.51225387887825
2024-04-23,22368.0,0.0014137313223340777,22860.846259916547,32.29625991654757,0.009929318913691535,23056.351036257733,227.80103625773336,0.004278632438738053,22926.434230553376,97.88423055337626
2024-04-24,22402.4,0.0015367299273513811,22863.65828505007,35.10828505007157,0.002950461249685308,22896.00421374975,67.45421374975194,0.011425412108591687,23090.871302471114,262.3213024711149
2024-04-25,22570.35,0.007469002041045313,22999.694831468947,171.1448314689478,0.009005731968396677,23035.06632208959,206.516322089592,0.025783298819193622,23424.79892763862,596.2489276386223
2024-04-26,22419.95,-0.006685910529919674,22676.42945601198,-152.12054398801774,0.0007830915111256224,22846.433845146053,17.883845146054227,0.012249140352168453,23109.899741387093,281.3497413870937
2024-04-29,22643.4,0.009917231248162194,23056.07234048247,227.52234048247192,0.003231320718242602,22902.43567645163,73.8856764516313,0.01365078400897321,23142.314297290523,313.76429729052325
2024-04-30,22604.85,-0.0017039337135533136,22789.684785301673,-38.86521469832587,0.008213297534608888,23016.81977290315,188.26977290314971,0.010533118973085837,23070.276666107828,241.72666610782835
2024-05-02,22648.2,0.0019158935479583357,22872.328996210992,43.77899621099277,0.00021195983440503837,22833.389248522748,4.839248522748676,0.010912282593692911,23079.025734296323,250.47573429632394
2024-05-03,22475.85,-0.007638979130133127,22654.82755881262,-173.72244118737945,-0.005723085582174814,22698.273402278715,-130.2765977212839,-0.004195698577485632,22732.968940113908,-95.58105988609168
2024-05-06,22442.7,-0.001476005170173867,22794.879796982095,-33.67020301790399,-0.009114984300307024,22621.413581874054,-207.13641812594506,0.0010142067822601145,22851.714615108416,23.16461510841691
2024-05-07,22302.5,-0.006266614466335558,22685.939587259996,-142.61041274000308,-0.0077426196365093704,22652.47972268012,-176.0702773198791,-0.015169638932237436,22484.862537207307,-343.6874627926918
2024-05-08,22302.5,0.0,22828.55,0.0,-0.006266614466335558,22685.939587259996,-142.61041274000308,-0.013465705218684239,22523.207912240072,-305.3420877599274
2024-05-09,21957.5,-0.015590012996666094,22475.412470575047,-353.13752942495194,-0.015590012996666094,22475.412470575047,-353.13752942495194,-0.030971611763308638,22132.349883213676,-696.2001167863236
2024-05-10,22055.2,0.0044396349451461085,22930.125741090742,101.57574109074267,-0.011150378051519982,22575.416924560028,-253.13307543997144,-0.018892997688029302,22401.298992474145,-427.2510075258542
2024-05-13,22104.05,0.0022124478982964036,22879.11289072418,50.56289072418076,0.006652082843442629,22980.913611636115,152.36361163611582,-0.01520454461955908,22484.07770132381,-344.4722986761881
2024-05-14,22217.85,0.005135170201418869,22946.079999705937,117.52999970593737,0.007347618099715389,22996.90320729352,168.35320729351952,-0.00380275995180466,22741.903356910658,-86.64664308934152
2024-05-15,22200.55,-0.0007789565078779477,22810.77447649075,-17.77552350924816,0.004356213693540803,22928.212961086316,99.6629610863165,-0.004581716459682675,22724.19530108732,-104.35469891268076
2024-05-16,22403.85,0.009115755746059738,23037.600866532586,209.05086653258695,0.008336799238181645,23019.662564897142,191.11256489714287,0.020124052283043137,23292.606622680178,464.0566226801784
2024-05-17,22466.1,0.0027746872879504058,22891.980046063512,63.430046063513146,0.011890443034009959,23101.61176885257,273.0617688525708,0.0184591046258474,23253.857918087342,425.30791808734284
2024-05-18,22502.0,0.0015966877687512294,22865.02918174494,36.47918174494043,0.004371375056701534,22928.56058668488,100.01058668487894,0.01784334449630207,23239.543527091188,410.9935270911883
2024-05-21,22529.05,0.001201393405374315,22855.992550773262,27.442550773263065,0.0027980811741256874,22892.515584703175,63.96558470317541,0.013909567700257662,23148.303925784898,319.75392578489846
2024-05-22,22597.8,0.0030469688528972257,22898.21395886644,69.66395886644023,0.004248362258271811,22925.740253755223,97.19025375522324,0.017735493061033007,23237.03724412233,408.4872441223306
2024-05-23,22967.65,0.016234147702677632,23202.17660159396,373.6266015939618,0.019281116555575024,23272.98072521922,444.4307252192193,0.02485388501765093,23403.03771037121,574.4877103712097
2024-05-24,22957.1,-0.00045944725602593643,22818.063894434123,-10.486105565876642,0.015774700446651798,23191.51887373992,362.9688737399192,0.02161975047367481,23327.471399352802,498.92139935280284
2024-05-27,22932.45,-0.0010743187662915156,22804.03802952028,-24.511970479718002,-0.001533766022317445,22793.56318332524,-34.9868166747583,0.018948743938631933,23265.246709070303,436.69670907030377
2024-05-28,22888.15,-0.0019336287086089532,22784.450709911067,-44.09929008893232,-0.00300794747490047,22759.986090686543,-68.56390931345595,0.015813721824648626,23192.423856420934,363.8738564209343
2024-05-29,22704.7,-0.008047357864970186,22645.57769784801,-182.97230215198942,-0.009980986573579181,22601.831866416363,-226.7181335836358,0.004719395106781151,22936.541574179788,107.99157417978859
2024-05-30,22488.65,-0.00956121402290562,22611.32148663052,-217.2285133694786,-0.01760857188787576,22430.090285038325,-398.45971496167476,-0.02107596661880211,22352.450988999746,-476.0990110002531
2024-05-31,22530.7,0.0018680861553376123,22871.235555935993,42.68555593599376,-0.007693127867567972,22653.600861715855,-174.94913828414428,-0.0187484332074386,22404.53765871996,-424.0123412800385
2024-06-03,23263.9,0.03202397920857283,23571.442713497585,742.8927134975856,0.033892065363910436,23615.517354087508,786.9673540875083,0.01434986476742562,23158.498300225227,329.9483002252273
2024-06-04,21884.5,-0.061124179171720965,21474.96346162939,-1353.5865383706077,-0.02910019996314822,22173.80740389779,-654.7425961022091,-0.04484068569568629,21827.513472036837,-1001.0365279631624
2024-06-05,22620.35,0.03307131991776584,23596.142977564028,767.5929775640288,-0.028052859253955204,22197.04310079135,-631.506899208649,-0.003722007912950362,22743.7398861249,-84.8101138751008
2024-06-06,22821.4,0.008848748644383161,23031.450484629993,202.90048462999403,0.04192006856214895,23805.865839749596,977.3158397495972,0.014687954754338263,23166.329280325852,337.7792803258526
2024-06-07,23290.15,0.020331832162561177,23297.4468605125,468.896860512501,0.02918058080694421,23504.51490726271,675.9649072627108,0.03315170076156193,23598.039731677225,769.4897316772258
2024-06-10,23259.2,-0.0013297717180034533,22798.21341468389,-30.33658531610854,0.019002060444557732,23266.487163802394,437.93716380239493,-0.00020205016501433136,22823.937953653513,-4.61204634648675
2024-06-11,23264.85,0.00024288513264755015,22834.095388813887,5.545388813887257,-0.001086886585356027,22803.751434297326,-24.79856570267293,0.06116501413935404,24268.445313692337,1439.8953136923374
2024-06-12,23322.95,0.00249421651679488,22885.560415068227,57.0104150682273,0.0027371016494424044,22891.119652546087,62.56965254608804,0.030587910738383278,23537.61680179573,709.0668017957323
2024-06-13,23398.9,0.003251158372345044,22902.89001155514,74.34001155514125,0.005745374889139896,22960.08607813934,131.53607813933922,0.02499032046634507,23406.2309321514,577.6809321514011
2024-06-14,23465.6,0.0028465062056323236,22893.62418233335,65.07418233335193,0.006097664577977389,22968.17610465228,139.62610465228136,0.0075049945094164735,23000.52266215546,171.97266215546188
2024-06-18,23557.9,0.00392570176772377,22918.344216427453,89.79421642745365,0.006772207973356144,22983.674362683712,155.12436268371312,0.012760467995143746,23121.719493576737,293.1694935767373
2024-06-19,23516.0,-0.0017801801450586289,22787.947219404105,-40.60278059589473,0.002145521622665279,22877.581728146735,49.031728146735986,0.010737402717437687,23074.990030023837,246.4400300238376
2024-06-20,23567.0,0.0021663878659495613,22878.059102313317,49.50910231331727,0.0003862077208909836,22837.36826499815,8.81826499814997,0.01040957406659225,23067.426626991866,238.87662699186694
2024-06-21,23501.1,-0.002800199840690768,22764.71491513557,-63.83508486442952,-0.0006338119747411716,22814.08557599081,-14.464424009187496,0.0043582158535565695,22928.258867083492,99.7088670834928
2024-06-24,23537.85,0.0015625351959234377,22864.248295505313,35.69829550531358,-0.0012376646447672486,22800.31338810625,-28.236611893749796,0.003074244843847699,22898.838538861142,70.28853886114302
2024-06-25,23721.3,0.007763614937362357,23006.471836425164,177.92183642516466,0.009326150133285726,23042.448358374713,213.898358374714,0.006912158013486128,22986.891153922887,158.34115392288732
2024-06-26,23868.8,0.0061987880801539115,22970.498844498405,141.94884449840538,0.013962403017516238,23149.52700607745,320.9770060774499,0.014891126238698415,23171.03649600272,342.4864960027189
2024-06-27,24044.5,0.00733411339077519,22996.592642906224,168.0426429062245,0.013532901470929054,23139.58638333481,311.0363833348092,0.020058851763524024,23291.087982136036,462.5379821360366
2024-06-28,24010.6,-0.001410880660883107,22796.364350683107,-32.18564931689252,0.00592323272989192,22964.170072647135,135.6200726471361,0.02144817094333178,23323.46922612133,494.91922612133203
2024-07-01,24141.95,0.005455591688744926,22953.433594849776,124.88359484977627,0.004044711027861959,22921.07187392127,92.52187392127234,0.025341227436153226,23414.44578296234,585.8957829623396
2024-07-02,24123.85,-0.000750013502250918,22811.43469841914,-17.115301580859523,0.004705578186494217,22936.224664002566,107.67466400256671,0.01682759899653994,23215.95004984971,387.40004984971165
2024-07-03,24286.5,0.0067196627176867064,22982.466711366556,153.91671136655714,0.005969649215435754,22965.23601345376,136.6860134537601,0.017348473634072853,23228.045799327996,399.4957993279968
2024-07-04,24302.15,0.0006441833860869355,22843.260510262906,14.71051026290661,0.007363846103773486,22997.276404160202,168.72640416020295,0.010658543629384601,23073.170429100213,244.6204291002141
2024-07-05,24323.85,0.0008925266910921613,22848.934185555598,20.38418555559838,0.0015367100771790131,22863.65783120252,35.107831202520174,0.012961950981359742,23126.378596015926,297.82859601592645
2024-07-08,24320.55,-0.00013567851613180805,22825.45286632256,-3.0971336774382507,0.00075684817496021,22845.83428636972,17.284286369722395,0.007370680776482861,22997.433583554764,168.8835835547652
2024-07-09,24433.2,0.004621191209858602,22934.289227011723,105.73922701172341,0.004485512693726973,22931.177747766083,102.62774776608421,0.012741885488592357,23121.28983806482,292.7398380648192
2024-07-10,24324.45,-0.004460845850279831,22726.942154425127,-101.60784557487204,0.00016034535957884041,22832.21074554235,3.6607455423509236,0.0015613769206259751,22864.221812426655,35.67181242665538
2024-07-11,24315.95,-0.00034950370829703764,22820.572731243665,-7.977268756334524,-0.004810349558576801,22719.000391782494,-109.54960821750501,0.0005676898262422305,22841.513214777293,12.963214777293615
2024-07-12,24502.15,0.007628355177359564,23003.360197010603,174.8101970106036,0.007278851469062695,22995.321842117704,166.7718421177051,0.007303518312509592,22995.889071117443,167.33907111744338
2024-07-15,24586.7,0.003444777525214419,22907.32487904123,78.77487904122972,0.011073132702574066,23082.738296673582,254.18829667358295,0.010883974353855757,23078.372416947805,249.82241694780532
2024-07-16,24613.0,0.0010691123118667994,22852.969335046997,24.41933504699773,0.004513889837081195,22931.82847831721,103.2784783172101,0.007331895455864009,22996.541638017123,167.99163801712348
2024-07-18,24800.85,0.00760316813758856,23002.780817758907,174.2308177589075,0.008672280449455233,23027.38652472678,198.83652472677932,0.019395909443732325,23275.652451237336,447.10245123733694
2024-07-19,24530.9,-0.010944379412161618,22580.067908761193,-248.48209123880588,-0.0033412112745731864,22752.40227501727,-76.14772498272941,0.008801033739867608,23030.35156738684,201.80156738683945
2024-07-22,24509.25,-0.0008829500483391605,22808.402426633347,-20.147573366652068,-0.011827329460500862,22560.139635839096,-268.41036416090355,0.0002897285141687019,22835.16504010872,6.615040108721587
2024-07-23,24479.05,-0.0012329476150728363,22800.4209381152,-28.12906188479974,-0.0021158976634120014,22780.298190343605,-48.25180965639447,-0.004387996626118414,22728.59785483615,-99.95214516385022
2024-07-24,24413.5,-0.002681391716104508,22767.419708893933,-61.13029110606658,-0.003914339331177347,22739.365971010946,-89.18402898905333,-0.008138500654089737,22643.513810791046,-185.03618920895315
2024-07-25,24406.1,-0.00030315693109630526,22821.630415753578,-6.9195842464214365,-0.002984548647200828,22760.51865391018,-68.03134608981782,-0.01604482572277461,22465.192691177923,-363.35730882207645
2024-07-26,24834.85,0.01741480762361384,23229.58665938024,401.03665938023914,0.01711165069251756,23222.5455165175,393.9955165175015,0.012314361313000784,23111.407040406175,282.85704040617566
2024-07-29,24836.1,5.0331229834195685e-05,22829.69901791233,1.1490179123320559,0.017465138853447963,23230.75586246881,402.20586246881066,0.013247642591174296,23132.98655222008,304.4365522200824
2024-07-30,24857.3,0.0008532320705021157,22848.0363629958,19.486362995801755,0.0009035633003362021,22849.186361705426,20.63636170542668,0.015333822276749114,23181.296492919457,352.7464929194575
2024-07-31,24951.15,0.003768441341371064,22914.740351224795,86.19035122479545,0.0046216734118729496,22934.300285974852,105.75028597485289,0.021783655334224602,23331.29519866058,502.7451986605811
2024-08-01,25010.9,0.0023918165281347566,22883.217053923367,54.66705392336735,0.006160257869505557,22969.613803389748,141.0638033897485,0.02447862879345552,23394.257222374734,565.7072223747346
2024-08-02,24717.7,-0.01179214365820847,22560.93344641736,-267.61655358264034,-0.009400327130073697,22614.95964454544,-213.59035545455845,-0.004728322488366658,22720.864041256544,-107.68595874345556
2024-08-05,24055.6,-0.027151768509934573,22217.053665187294,-611.4963348127058,-0.03894391216814302,21956.60561515179,-871.9443848482078,-0.03193042222813537,22111.139324612155,-717.4106753878441
2024-08-06,23992.55,-0.0026244521876233645,22768.71611194483,-59.83388805517097,-0.029776220697557938,22158.822515950105,-669.727484049894,-0.035408106486260735,22034.377317830174,-794.1726821698248
2024-08-07,24297.5,0.012630098903435905,23118.705332488626,290.1553324886263,0.01000564671581261,23058.11094402135,229.56094402135204,-0.026546448924195765,22230.506154024963,-598.0438459750367
2024-08-08,24117.0,-0.007456478381555143,22658.96245910073,-169.5875408992688,0.005173620521880696,22946.96230079754,118.4123007975395,-0.03639474383388558,22012.648099428647,-815.9019005713526
2024-08-09,24367.5,0.010333291215294636,23065.667045030477,237.11704503047804,0.002876812833739289,22894.318021401377,65.76802140137806,-0.014269308960382619,22505.11544864611,-323.43455135389013
2024-08-12,24347.0,-0.0008416385761983504,22809.34469477788,-19.205305222119932,0.00949165263909623,23046.26225691421,217.71225691421205,0.01204082097335352,23105.08600284341,276.53600284341155
2024-08-13,24139.0,-0.00857984886239657,22633.522341561587,-195.0276584384119,-0.009421487438594979,22614.48111008515,-214.0688899148481,0.0060854242985804614,22967.894969480112,139.34496948011292
2024-08-14,24143.75,0.0001967576418212346,22833.04213358051,4.492133580512018,-0.008383091220575255,22637.97609818458,-190.57390181541996,-0.006347916963034175,22684.095238707687,-144.45476129231247
2024-08-16,24541.15,0.016325753017997963,23204.302141651566,375.7521416515665,0.016522510659819307,23208.868214611208,380.31821461120853,0.017434314436518935,23230.039799000704,401.4897990007048
2024-08-19,24572.65,0.0012827353745464452,22857.851777830296,29.301777830296487,0.0176084883925446,23234.08621931142,405.5362193114197,0.008383758595770893,23020.743578844773,192.19357884477358
2024-08-20,24698.85,0.005122648020588943,22945.792666541864,117.24266654186431,0.00640538339513543,22975.244932185327,146.69493218532807,0.014348045192558317,23158.45616164209,329.9061616420913
2024-08-21,24770.2,0.0028846339064908873,22894.497080228433,65.94708022843406,0.00800728192707973,23012.07843720559,183.5284372055903,0.025812527961445647,23425.483624425204,596.9336244252045
2024-08-22,24811.5,0.001665937616169819,22866.61263635336,38.06263635335927,0.0045505715226604945,22932.669671867312,104.11967186731272,0.027281707935794187,23459.925170075072,631.3751700750727
2024-08-23,24823.15,0.00046943013455067465,22839.26892499446,10.718924994460394,0.002135367750720457,22877.34943329081,48.79943329080925,0.011425385052346668,23090.87067771885,262.32067771884977
2024-08-26,25010.6,0.007523049502801839,23000.937940188895,172.3879401888953,0.007992479637352471,23011.737808274385,183.18780827438604,0.01766569918060191,23235.415497717986,406.8654977179867
2024-08-27,25017.75,0.00028583793184004246,22835.076198191968,6.526198191968433,0.0078088874346417935,23007.513420436164,178.9634204361646,0.012828889091853096,23123.301561105072,294.75156110507305
2024-08-28,25052.35,0.0013820625685767348,22860.122296869224,31.572296869224374,0.001667900500416633,22866.657520911132,38.10752091113318,0.011326317753938905,23088.58324084989,260.0332408498907
2024-08-29,25151.95,0.003967792825316532,22919.308894075806,90.7588940758069,0.0053498553938932615,22951.006712134385,122.45671213438618,0.01362817296308569,23141.79103127582,313.241031275822
2024-08-30,25235.9,0.003332155576256976,22904.745156737354,76.19515673735441,0.0072999484015736,22995.806977988097,167.2569779880978,0.016490898404791836,23208.1345415469,379.58454154690116
2024-09-02,25278.7,0.0016945599981708784,22867.267142642027,38.71714264202819,0.00502671557442786,22943.591526104337,115.04152610433812,0.010662408900160908,23073.25961332395,244.70961332395018
2024-09-03,25279.85,4.5491810987265924e-05,22829.58853570397,1.0385357039704104,0.001740051809158206,22868.307439698998,39.757439698998496,0.01042206277930825,23067.714711255005,239.1647112550054
2024-09-04,25198.7,-0.0032152298316295127,22755.268836049265,-73.28116395073448,-0.0031697380206422176,22756.304037984548,-72.24596201545137,0.005824770379102092,22961.909077791104,133.35907779110494
2024-09-05,25145.1,-0.002129359335315646,22779.991531507574,-48.55846849242516,-0.005344589166945193,22706.866243470588,-121.68375652941177,-0.0002723817815301193,22822.33276565037,-6.217234349627688
2024-09-06,24852.15,-0.011718778635040884,22562.58869054011,-265.9613094598899,-0.013848137970356545,22514.595946715504,-313.9540532844949,-0.015323315992827923,22481.407395119648,-347.1426048803514
2024-09-09,24936.4,0.0033843154867430215,22905.939897352942,77.38989735294308,-0.008334463148297817,22639.07696608882,-189.47303391117748,-0.013633560504255729,22519.427590026386,-309.1224099736137
2024-09-10,25041.1,0.004189891577969935,22924.39980931489,95.8498093148919,0.007574207064713076,23002.114642193934,173.56464219393456,-0.009489160737273085,22612.950765332862,-215.59923466713735
2024-09-11,24918.45,-0.004909982031582216,22716.736954347056,-111.8130456529434,-0.000720090453612297,22812.11729630179,-16.43270369821039,-0.01118391293722581,22574.659873227585,-253.89012677241408
2024-09-12,25388.9,0.018703577686811725,23259.543554876003,430.99355487600405,0.01379359565522957,23145.619525300408,317.0695253004087,0.009649024084901692,23049.8893659202,221.3393659202011
2024-09-13,25356.5,-0.0012769632085949123,22799.417386141184,-29.132613858815603,0.017426614478216897,23229.860929351544,401.3109293515445,0.020090839511347672,23291.83302350098,463.2830235009824
2024-09-16,25383.75,0.0010740980826790941,22853.08327499852,24.533274998520938,-0.00020286512591576077,22823.919353044046,-4.630646955953125,0.017780622107283758,23238.085933113838,409.53593311383884
2024-09-17,25418.55,0.0013700169261289907,22859.84693366819,31.296933668189013,0.0024441150088082993,22884.413842703056,55.863842703056434,0.014960747455442949,23172.64974791443,344.09974791443165
2024-09-18,25377.55,-0.0016142975111744227,22791.72765765553,-36.82234234446878,-0.000244280585045334,22822.974109518884,-5.5758904811154935,0.01825643197585072,23249.14547463827,420.5954746382704
2024-09-19,25415.8,0.0015061029536485916,22862.958051112106,34.40805111210648,-0.0001081945575259144,22826.080208745185,-2.4697912548144814,0.0010589572426873742,22852.7372627408,24.18726274080109
2024-09-20,25790.95,0.014652627320371103,23165.510887813878,336.9608878138788,0.016158730274019664,23200.42681907828,371.87681907827937,0.01698854777165345,23219.686929288346,391.13692928834644
2024-09-23,25939.05,0.005725900043797215,22959.638938367916,131.08893836791685,0.020378527364168397,23298.534764890344,469.9847648903451,0.021640349732771496,23327.95193292953,499.4019329295297
2024-09-24,25940.4,5.204372830882163e-05,22829.73811377055,1.1881137705495348,0.005777943772106006,22960.83387467309,132.2838746730922,0.02032237653495127,23297.226569572224,468.67656957222425
2024-09-25,26004.15,0.0024545416990469533,22884.65245264144,56.10245264144032,0.0025065854273558035,22885.843486268775,57.29348626877618,0.0243912157451726,23392.212348414247,563.6623484142474
2024-09-26,26216.05,0.008115677958002051,23014.572990368844,186.02299036884506,0.010570219657048923,23071.13260502922,242.58260502921985,0.031000790749525962,23547.3370197869,718.7870197869015
2024-09-27,26178.95,-0.0014161659013423675,22796.24386673431,-32.30613326569073,0.006699512056659693,22982.003604136262,153.45360413626258,0.014931997527812487,23171.983545487852,343.4335454878528
2024-09-30,25810.85,-0.014160706565616464,22507.559690801198,-320.9903091988017,-0.015576872466958847,22475.707811340762,-352.84218865923685,-0.004954609081601065,22715.72319601142,-112.82680398858065
2024-10-01,25796.9,-0.0005406164903432377,22816.21184482495,-12.338155175049906,-0.014701323055959774,22495.395021381682,-333.1549786183168,-0.005547269300253258,22702.26447915221,-126.28552084778858
2024-10-03,25250.1,-0.021424213560051142,22344.668171563248,-483.8818284367517,-0.02196483005039444,22332.59154018562,-495.95845981438106,-0.029426024559351317,22166.583808930493,-661.9661910695067
2024-10-04,25014.6,-0.009370461703002124,22615.63506005917,-212.91493994083066,-0.030794675263053312,22136.266250208355,-692.2837497916444,-0.0469121642203554,21782.345045496935,-1046.204954503064
2024-10-07,24795.75,-0.00878738688905138,22628.82551240076,-199.7244875992401,-0.01815784859205364,22417.773341986765,-410.7766580132338,-0.054283385208064555,21622.37288594462,-1206.1771140553792
2024-10-08,25013.15,0.008729419061179721,23028.70231521531,200.1523152153095,-5.79678278716092e-05,22827.226716897334,-1.3232831026653002,-0.03139325958126826,22123.01979332335,-705.530206676649
2024-10-09,24981.95,-0.0012481224780150524,22800.074947477628,-28.475052522371698,0.007481296583164591,22999.977603924057,171.42760392405762,-0.03210076556894008,22107.373160050236,-721.1768399497632
2024-10-10,24998.45,0.0006602588454441217,22843.62772912042,15.077729120421282,-0.0005878636325708595,22815.13386948465,-13.416130515350233,-0.01001629316344466,22601.0338868955,-227.5161131044988
2024-10-11,24964.25,-0.001369021503702845,22797.31860725365,-31.231392746351048,-0.0007087626582586788,22812.375708761723,-16.174291238276055,-0.002014852964145349,22782.600135021148,-45.94986497885111
2024-10-14,25127.95,0.006535970979785449,22978.24540983606,149.69540983606203,0.005166949476082626,22946.809221071704,118.25922107170481,0.01330850490469162,23134.394522145933,305.8445221459333
2024-10-15,25057.35,-0.002813574754904617,22764.41044106264,-64.13955893736056,0.0037223962248808685,22913.685263626983,85.13526362698394,0.0017655110886072244,22868.889657740026,40.33965774002718
2024-10-16,24971.3,-0.003440032255851283,22750.15397138963,-78.39602861036838,-0.0062536070107558454,22686.23467553063,-142.31532446936762,-0.0004263986892289354,22818.818011204086,-9.731988795912912
2024-10-17,24749.85,-0.008907737021175087,22626.102294133663,-202.44770586633604,-0.012347769277026313,22548.401495668935,-280.14850433106403,-0.00999439455584818,22601.528823487053,-227.0211765129461
2024-10-18,24854.05,0.004201288740118153,22924.66108390556,96.11108390556183,-0.004706448281057005,22721.361047582624,-107.18895241737482,-0.004424084312027299,22727.777647135405,-100.77235286459472
2024-10-21,24781.1,-0.002939451277019082,22761.545116590652,-67.0048834093468,0.001261837463099064,22857.3741014592,28.82410145920221,-0.013899506568831987,22513.439433180974,-315.1105668190248
2024-10-22,24472.1,-0.01254757271040544,22543.89669768493,-284.6533023150696,-0.015487023987424497,22477.727310237162,-350.8226897628374,-0.023633504524332806,22295.35678972437,-533.1932102756291
2024-10-23,24435.5,-0.0014967001787999864,22794.408061629365,-34.14193837063431,-0.014044272889205367,22510.180481294214,-318.3695187057856,-0.021690172447281417,22338.726198676082,-489.823801323917
2024-10-24,24399.4,-0.0014784511312879243,22794.8240416607,-33.72595833929881,-0.0029751513100879103,22760.732543181828,-67.8174568181712,-0.014260886557394319,22505.30499659594,-323.2450034040594
2024-10-25,24180.8,-0.008999611999159645,22624.023616974184,-204.52638302581545,-0.01047806313044754,22590.59981747867,-237.95018252133013,-0.027461787296672063,22210.16702871363,-618.3829712863699
2024-10-28,24339.15,0.00652723517668224,22978.04467728529,149.49467728528907,-0.0024723768224775003,22772.178936059903,-56.371063940096064,-0.017995100842970815,22421.4220810416,-407.12791895839837
2024-10-29,24466.85,0.005232975101896011,22948.324348529015,119.7743485290157,0.011760210278578178,23098.603378196753,270.05337819675333,-0.0002145530306694381,22823.65259080749,-4.8974091925083485
2024-10-30,24340.85,-0.005163131223478209,22710.986958578647,-117.56304142135195,6.984387841766875e-05,22830.144490152692,1.5944901526927424,-0.003880984075347662,22740.124461030056,-88.42553896994286
2024-10-31,24205.35,-0.005582325779352925,22701.46863164187,-127.08136835812911,-0.010745457002831083,22584.56003705013,-243.98996294986864,-0.007984858723412596,22646.993071243553,-181.55692875644672
2024-11-01,24304.35,0.004081663561917463,22921.91888125972,93.36888125972109,-0.0015006622174353918,22794.317749482863,-34.23225051713598,0.005096416837664501,22945.190779151224,116.6407791512247
2024-11-04,23995.35,-0.012795285095394087,22538.31298687272,-290.2370131272801,-0.008713621533476604,22630.49479732786,-198.05520267213797,-0.014226103434411715,22506.087815001752,-322.4621849982468
2024-11-05,24213.3,0.009042007396008536,23035.901944126672,207.3519441266726,-0.0037532776993854846,22743.028705355217,-85.52129464478276,-0.0104170711402991,22591.977705139812,-236.57229486018696
2024-11-06,24484.05,0.01111981616471547,23083.815903966,255.2659039659993,0.020161823560724157,23293.48643080847,464.9364308084696,0.005865876247894584,22962.85296641243,134.30296641242967
2024-11-07,24199.35,-0.011696111838928169,22563.10011793392,-265.44988206608105,-0.0005762956742126357,22815.39779552973,-13.15220447026877,-0.00024790981168069785,22822.891279923653,-5.658720076346071
2024-11-08,24148.2,-0.002115930138503043,22780.29745055136,-48.25254944863991,-0.013812041977431319,22515.408648079054,-313.14135192094545,-0.00644550351210126,22681.881684142965,-146.66831585703403
2024-11-11,24141.3,-0.0002857764129660236,22822.02707096181,-6.522929038190341,-0.0024017065514690627,22773.788308983505,-54.7616910164943,0.006064005170326753,22967.4030224606,138.8530224606002
2024-11-12,23883.45,-0.01073831629523262,22584.721307365387,-243.8286926346118,-0.011024092708198558,22578.268048860784,-250.28195113921538,-0.013716318520914358,22517.564003977153,-310.98599602284594
2024-11-13,23559.05,-0.01367571506132014,22518.47831353929,-310.0716864607093,-0.024414031356552717,22277.9614551619,-550.5885448380977,-0.03851184974694999,21966.094289037148,-862.4557109628513
2024-11-14,23532.7,-0.001119092102119271,22803.01703952409,-25.53296047590993,-0.014794807163439378,22493.292157749405,-335.25784225059397,-0.027934830010141166,22199.663155621947,-628.886844378052
2024-11-18,23453.8,-0.0033584146152224673,22752.010861057166,-76.53913894283323,-0.004477506717341709,22726.563507017472,-101.98649298252712,-0.029177314486860555,22172.09754722919,-656.452452770809
2024-11-19,23518.5,0.002754816814055903,22891.52517609087,62.975176090869354,-0.0006035978011665786,22814.774895145903,-13.775104854095844,-0.02613672125983865,22239.616473636466,-588.933526363533
2024-11-21,23349.9,-0.007194644035988204,22664.896130493016,-163.65386950698303,-0.004439827221932397,22727.419848595964,-101.13015140403513,-0.02259304900059422,22318.56618892999,-509.9838110700075
2024-11-22,23907.25,0.023589058766826355,23373.45564595565,544.9056459556523,0.01639441473083826,23205.895443480666,377.3454434806663,0.014671724827552378,23165.953295548847,337.4032955488474
2024-11-25,24221.9,0.01307542239477766,23129.002927772955,300.4529277729562,0.0366644811616041,23681.080229251515,852.5302292515153,0.02886623932444945,23497.127624327004,668.5776243270047
2024-11-26,24194.5,-0.0011318480070857482,22802.726168260953,-25.823831739046,0.011943574387691851,23102.8392213659,274.2892213658997,0.031092805932586134,23549.50383200164,720.95383200164
2024-11-27,24274.9,0.0033175600994260466,22904.41085349976,75.86085349976202,0.002185712092340288,22878.501207378446,49.95120737844627,0.03165554921795635,23562.75988668495,734.2098866849519
2024-11-28,23914.15,-0.014972560750343969,22489.294249718845,-339.2557502811542,-0.011655000650917851,22564.027732852508,-264.5222671474912,0.02387763250360061,23380.201584696293,551.6515846962939
2024-11-29,24131.1,0.009031131050783837,23035.651399067076,207.10139906707627,-0.005941429699560162,22693.317908827634,-135.23209117236547,0.009319704787557913,23042.299842307246,213.74984230724658
2024-12-02,24276.05,0.005988802614002176,22965.675879984752,137.12587998475283,0.015019933664785998,23174.021289801225,345.4712898012258,0.00223308500678228,22879.585054330997,51.03505433099781
2024-12-03,24457.15,0.007432339089484512,22998.851610229012,170.30161022901302,0.013421141703486666,23137.000453046072,308.45045304607265,0.010797272103352573,23076.371556862094,247.82155686209444
2024-12-04,24467.45,0.0004210560802611515,22838.16412368162,9.614123681622004,0.0078533951697458,23008.537455537455,179.9874555374554,0.007900768084187663,23009.627462831977,181.07746283197775
2024-12-05,24708.4,0.009799604002543387,23053.360477695875,224.8104776958753,0.010220660082804665,23063.069279126965,234.51927912696556,0.032672932837075216,23586.744451297665,758.1944512976661
2024-12-06,24677.8,-0.0012392127321359235,22800.278091256412,-28.27190874358712,0.008560391270407667,23024.810153489638,196.26015348963847,0.02240258905415533,23345.740193774836,517.1901937748371
2024-12-09,24619.0,-0.0023855515118706054,22774.156223407274,-54.39377659272577,-0.003624764244006515,22745.951678376583,-82.59832162341627,0.01402823492828273,23151.051033837877,322.5010338378779
2024-12-10,24610.05,-0.00036360645182499104,22820.250900828625,-8.29909917137411,-0.002749157963695617,22765.876898568753,-62.67310143124632,0.006232289386973138,22971.268399118457,142.71839911845746
2024-12-11,24641.8,0.0012892918498735822,22858.001645262808,29.451645262808597,0.0009256853980486168,22849.69183922986,21.141839229861944,0.00710052515658569,22991.22153677641,162.6715367764118
2024-12-12,24548.7,-0.003785288263568475,22742.300699827123,-86.24930017287625,-0.002495996413694876,22771.64107285438,-56.90892714561778,-0.006484367109526355,22681.000201753246,-147.5497982467532
2024-12-13,24768.3,0.008905710055423979,23032.762425912573,204.21242591257396,0.00512042179185549,22945.741584015777,117.19158401577806,0.003660555678033396,22912.268312612952,83.71831261295301
2024-12-16,24668.25,-0.004047618071851404,22736.33549890384,-92.21450109615762,0.004858091983572419,22939.723021483824,111.17302148382441,0.001998489118052711,22874.218227283804,45.6682272838043
2024-12-17,24336.0,-0.01356025614827435,22521.078422668816,-307.47157733118365,-0.017607874220125743,22430.105933794406,-398.4440662055931,-0.011198160578396728,22574.33823986542,-254.21176013457807
2024-12-18,24198.85,-0.005651624144595778,22699.89551148504,-128.65448851495967,-0.019211880292870156,22394.15674672909,-434.39325327090773,-0.018139076572866116,22418.19417280799,-410.3558271920083
2024-12-19,23951.7,-0.010265808823608006,22595.395278494638,-233.15472150536152,-0.01591743296820371,22468.0547762574,-360.4952237426005,-0.024619597132905627,22273.38233939068,-555.1676606093206
2024-12-20,23587.5,-0.015322391854064712,22481.428171069274,-347.1218289307253,-0.02558820067767264,22251.818707293944,-576.7312927060557,-0.04884769904239416,21740.22533338986,-1088.3246666101404
2024-12-23,23753.45,0.007010872394205524,22989.160402649708,160.6104026497087,-0.00831151945985915,22639.596395976067,-188.9536040239327,-0.03778920857633732,21981.973629969696,-846.5763700303032
2024-12-24,23727.65,-0.0010867483078192092,22803.754587544125,-24.79541245587461,0.005924124086386259,22964.19054191839,135.64054191839023,-0.02531570073588214,22257.883152839415,-570.6668471605844
2024-12-26,23750.2,0.000949916716770124,22850.245524103735,21.695524103735806,-0.00013683159104916154,22825.426546880557,-3.1234531194422743,-0.018714159874516238,22405.30555005713,-423.2444499428675
2024-12-27,23813.4,0.0026574959504618452,22889.297461495058,60.747461495058815,0.0036074126672318873,22911.050718044135,82.50071804413528,-0.005790855100446328,22696.735203346736,-131.81479665326333
2024-12-30,23644.9,-0.007101000585328371,22667.01864895395,-161.531351046051,-0.0044435046348664025,22727.336270641932,-101.21372935806721,0.0024305361682899727,22884.10310100689,55.553101006891666
2024-12-31,23644.8,-4.229250767129392e-06,22828.453452541562,-0.09654745843727142,-0.007105229836095477,22666.92278465066,-161.627215349341,-0.004584565476682768,22724.130559560817,-104.41944043918193
2025-01-01,23742.9,0.004140320806365605,22923.263457292935,94.71345729293535,0.004136091555598435,22923.16650926838,94.61650926838047,0.0006425036375022442,22843.22213936062,14.67213936062035
2025-01-02,24188.65,0.018599976460843735,23257.133962468783,428.5839624687833,0.022740297267209324,23353.625573381887,525.0755733818878,0.01829256338157572,23249.985514121985,421.43551412198576
2025-01-03,24004.75,-0.007631787447708154,22654.990485723672,-173.5595142763268,0.010968189013135544,23080.316036057095,251.76603605709533,0.008003279983405826,23011.98634434814,183.43634434814157
2025-01-06,23616.05,-0.01632516180719982,22458.895769691415,-369.6542303085844,-0.023956949254908027,22288.14664015974,-540.4033598402602,-0.0012208812384658227,22800.696058240886,-27.853941759112786
2025-01-07,23707.9,0.003881760306713088,22917.337173024276,88.78717302427685,-0.012443401500486668,22546.245245003593,-282.3047549964067,0.002665108319014585,22889.471703926447,60.92170392644766
2025-01-08,23688.95,-0.0007996312417274388,22810.302874674686,-18.24712532531339,0.003082129064985683,22899.019079079695,70.4690790796958,-0.002274843729078673,22776.67763931533,-51.87236068466882
2025-01-09,23526.5,-0.0068812492953755225,22672.000302883833,-156.5496971161665,-0.007680880537103089,22653.878309550822,-174.67169044917682,-0.027756069485297827,22203.63193377886,-624.9180662211402
2025-01-10,23431.5,-0.004046174437066828,22736.368321892332,-92.18167810766681,-0.010927423732442395,22580.45077240654,-248.09922759345864,-0.024170456474656477,22283.388467907393,-545.1615320926066
2025-01-13,23085.95,-0.014857063581440453,22491.89184954015,-336.65815045985073,-0.018903238018507327,22401.06959694387,-427.4804030561281,-0.022702358248897176,22316.12669656865,-512.4233034313511
2025-01-14,23176.05,0.003895210493337629,22917.64541755916,89.09541755916143,-0.010961853088102809,22579.673355418985,-248.87664458101426,-0.022688908062272622,22316.42685465604,-512.1231453439577
2025-01-15,23213.2,0.0016016645210618786,22865.142975614915,36.59297561491621,0.0054968750143994894,22954.38120848395,125.83120848394901,-0.020287612299483355,22370.07958816241,-458.4704118375885
2025-01-16,23311.8,0.004238587753573933,22925.516167094578,96.96616709457885,0.0058402522746358095,22962.264574420577,133.71457442057726,-0.009167775250533762,22620.219407476674,-208.33059252332532
2025-01-17,23203.2,-0.004669469948432585,22722.201261163875,-106.34873883612454,-0.00043088219485855214,22818.71570313442,-9.834296865577926,-0.009791070761899584,22606.12471928814,-222.42528071186098
2025-01-20,23344.75,0.006081919239174112,22967.81446578489,139.2644657848905,0.001412449290741493,22860.816951608198,32.266951608198724,0.011147912058715148,23084.464473521773,255.9144735217742
2025-01-21,23024.65,-0.013806738277095545,22515.528063376132,-313.0219366238671,-0.007724819037921377,22652.882953967557,-175.66704603244216,-0.006554036711718174,22679.420080535725,-149.12991946427428
2025-01-22,23155.35,0.005660474187066116,22958.13683345892,129.58683345892132,-0.008146264090029493,22643.338020004496,-185.2119799955035,-0.002495227045713906,22771.658592632637,-56.89140736736226
2025-01-23,23205.35,0.0021570001913706685,22877.844331547567,49.29433154756771,0.007817474378436629,23007.710985509002,179.16098550900278,-0.00457681460791728,22724.306691997182,-104.24330800281678
2025-01-24,23092.2,-0.004887957366329596,22717.23728838393,-111.31271161606855,-0.0027309571749589414,22766.291259255424,-62.258740744575334,-0.004795302025814375,22719.34225925734,-109.20774074265864
2025-01-27,22829.15,-0.011456670033394137,22568.503314214326,-260.0466857856736,-0.016344627399723834,22458.458598232737,-370.09140176726214,-0.022333891298382685,22324.350966812668,-504.1990331873312
2025-01-28,22957.25,0.0055955626228530505,22956.64663325178,128.0966332517819,-0.005861107410541056,22695.140761274368,-133.40923872563144,-0.002931590398433985,22761.724043036484,-66.82595696351564
2025-01-29,23163.1,0.008926704456753254,23033.24599004672,204.6959900467191,0.014522267079606245,23162.49122306349,333.94122306349163,0.0003346398712530826,22836.19062138987,7.640621389869921
2025-01-30,23249.5,0.0037231312102430775,22913.702104856435,85.15210485643547,0.01264983566699613,23119.16162541245,290.61162541244994,0.0019007708901255345,22871.983108421122,43.4331084211226
2025-01-31,23508.4,0.011074177663955638,23082.762417256286,254.21241725628715,0.014797308874198625,23168.862752394976,340.312752394977,0.017862905920410614,23239.998130104537,411.448130104538
2025-02-01,23482.15,-0.0011172460305538994,22803.05913556431,-25.490864435691037,0.00995693163340162,23056.987693606312,228.43769360631268,0.028202329923251036,23481.532837731585,652.9828377315862
2025-02-03,23361.05,-0.005170452479175173,22710.820686244653,-117.72931375534608,-0.006287698509729042,22685.46128096765,-143.0887190323483,0.017436314821222612,23230.086268063464,401.5362680634644
2025-02-04,23739.25,0.016059690853104273,23198.129176021623,369.5791760216234,0.010889238373929223,23078.493902283222,249.943902283223,0.02456930121757381,23396.37853255825,567.828532558251
2025-02-05,23696.3,-0.0018108786231885072,22787.247674842296,-41.30232515770331,0.014248812229915914,23156.15819344593,327.6081934459289,0.01903529138414234,23267.26034387836,438.7103438783597
2025-02-06,23603.35,-0.003930266699640655,22739.00379563476,-89.54620436524056,-0.0057411453228291415,22697.863481049317,-130.6865189506825,0.004030847020546179,22920.754098215955,92.20409821595604
2025-02-07,23559.95,-0.0018404145702315485,22786.574641841096,-41.975358158902964,-0.005770681269872258,22697.19308805594,-131.35691194405808,0.003307678480868485,22904.184521966683,75.63452196668368
2025-02-10,23381.6,-0.007598848278210316,22655.736734585596,-172.81326541440285,-0.009439262848441885,22614.07913198762,-214.47086801238038,0.0008792826818332614,22848.631576063573,20.081576063574175
2025-02-11,23071.8,-0.013338295712820561,22526.07776585007,-302.47223414992914,-0.020937143991030773,22355.554230378246,-472.9957696217534,-0.028518703884091487,22186.705135587687,-641.8448644123127
2025-02-12,23045.25,-0.0011514180951839536,22802.27992126752,-26.270078732479305,-0.014489713808004482,22500.155758694873,-328.39424130512634,-0.02785924335608692,22201.34121729975,-627.2087827002506
2025-02-13,23031.4,-0.0006011721953363763,22814.830234864017,-13.719765135982016,-0.001752590290520299,22788.575944226286,-39.97405577371319,-0.02453014885178275,22275.374744262997,-553.1752557370019
2025-02-14,22929.25,-0.0044451141660866375,22727.29969031409,-101.2503096859109,-0.005046286361423008,22713.64077575639,-114.90922424360906,-0.027134848447637715,22217.42958229962,-611.1204177003783
2025-02-17,22959.5,0.001318406118349223,22858.667148947305,30.117148947305395,-0.0031267080477373668,22757.28326219856,-71.26673780143756,-0.01821759405107816,22416.434021837686,-412.1159781623137
2025-02-18,22945.3,-0.0006186717054829174,22814.430990004137,-14.119009995862143,0.0006997344128663713,22844.52951208609,15.979512086090836,-0.005497970043740661,22703.38371150062,-125.16628849937842
2025-02-19,22932.9,-0.0005405617614442019,22816.21309353114,-12.336906468859524,-0.0011592334669271382,22802.101713669723,-26.44828633027646,-0.0048871137100009706,22717.256453933023,-111.29354606697598
2025-02-20,22913.15,-0.0008615791860687675,22808.88986706871,-19.66013293129072,-0.001402140947512934,22796.56358524404,-31.98641475596014,-0.005147520700733259,22711.34149172434,-117.20850827566028
2025-02-21,22795.9,-0.005130286329146502,22711.732910795763,-116.81708920423625,-0.0059918655152152046,22692.173381691802,-136.37661830819707,-0.005832692863793175,22695.78564257444,-132.76435742555987
2025-02-24,22553.35,-0.01069708155537406,22585.65260167398,-242.89739832601845,-0.01582736788452048,22470.078454621034,-358.47154537896495,-0.017848180537516353,22424.71648522398,-403.833514776019
2025-02-25,22547.55,-0.0002572010772278274,22822.679227365337,-5.870772634661989,-0.010954282632601913,22579.84429447839,-248.70570552161007,-0.01748670990926134,22432.82382677498,-395.726173225019
2025-02-27,22545.05,-0.0001108829387776427,22826.01884362159,-2.531156378408923,-0.00036808401600542254,22820.148721919362,-8.401278080636985,-0.01705703108659465,22442.464807220193,-386.0851927798067
2025-02-28,22124.7,-0.01882089817720615,22402.914173399484,-425.63582660051543,-0.01893178111598386,22400.43021015587,-428.1197898441278,-0.03501635007773211,22043.01111741511,-785.5388825848895
2025-03-03,22119.3,-0.000244100896248747,22822.978210552006,-5.571789447993069,-0.019064999073454898,22397.44626935846,-431.1037306415383,-0.03013016464483445,22150.980922665916,-677.569077334083
2025-03-04,22082.65,-0.0016582982605433554,22790.724826622,-37.825173377998,-0.0019023991567920957,22785.16226920591,-43.38773079408929,-0.021091381350003754,22352.106434631663,-476.44356536833584
2025-03-05,22337.3,0.011465694568782813,23091.80147830989,263.25147830989226,0.009807396308239322,23053.540117227938,224.99011722793875,-0.009368485703993137,22615.679748575785,-212.87025142421408
2025-03-06,22544.7,0.009242078172597142,23040.511215992978,211.9612159929784,0.02070777274138003,23306.206962706015,477.6569627060162,-1.5524592618258095e-05,22828.19559881216,-0.3544011878402671
2025-03-07,22552.5,0.00034591948403792664,22836.44820623029,7.898206230289361,0.009587997656635249,23048.482756420875,219.9327564208761,0.019151293068625848,23269.959541824293,441.40954182429414
2025-03-10,22460.3,-0.0040966182483126905,22735.22144174703,-93.32855825296792,-0.0037506987642746984,22743.0873582261,-85.46264177389821,0.015298775716561847,23180.484082452876,351.9340824528772
2025-03-11,22497.9,0.0016726652208703832,22866.7664744015,38.216474401499,-0.002423953027442206,22773.28167808447,-55.26832191552967,0.01862973919797578,23257.826168734275,429.2761687342754
2025-03-12,22470.5,-0.0012186336801356743,22800.747304192835,-27.802695807164127,0.0004540315407348323,22838.917235077002,10.367235077002988,0.005945410949057253,22964.679382691727,136.1293826917281
2025-03-13,22397.2,-0.003267386793235836,22754.082021316837,-74.46797868316207,-0.0044860204733715055,22726.370019424034,-102.1799805759656,-0.006564054016775673,22679.192895004147,-149.35710499585184
2025-03-17,22508.75,0.004968171453735085,22942.248353030736,113.69835303073705,0.0017007846604992106,22867.409484101376,38.85948410137644,-0.001941802047078629,22784.264485644606,-44.28551435539339
2025-03-18,22834.3,0.014359668968781786,23158.725351918696,330.17535191869683,0.019327840422516875,23274.06815427821,445.518154278212,0.016514485170015938,23208.681952823426,380.1319528234271
2025-03-19,22907.6,0.0032049417598595076,22901.831542022304,73.28154202230508,0.01756461072864149,23233.066784250568,404.5167842505689,0.01804676170900498,23244.27133110201,415.7213311020096
2025-03-20,23190.65,0.01228044696739064,23110.623245451294,282.0732454512945,0.015485388727250388,23184.810266025237,356.2602660252378,0.03154584235653129,23560.17503204201,731.6250320420113
2025-03-21,23350.4,0.006864934391553793,22985.805655296423,157.25565529642336,0.019145381358944304,23269.821976985804,441.27197698580494,0.04167816354132097,23800.107777757938,971.5577777579383
2025-03-24,23658.35,0.01310200357491904,23129.617732137343,301.06773213734414,0.01996693796647296,23288.947308182393,460.3973081823933,0.049811995662505014,23994.4832961626,1165.9332961626023
2025-03-25,23668.65,0.00043526951476421065,22838.48873473848,9.93873473847998,0.013537273089683395,23139.687541005722,311.1375410057226,0.03588759620848731,23662.689898858298,834.1398988582987
2025-03-26,23486.85,-0.007710697617041672,22653.202847120556,-175.34715287944346,-0.007275428102277533,22663.065241975877,-165.48475802412213,0.024971956831586074,23405.80111262201,577.2511126220124
2025-03-27,23591.95,0.004464862086427852,22930.70420990895,102.15420990894927,-0.003245835530613728,22754.572405798386,-73.9775942016131,0.017156371950623275,23223.584081192203,395.0340811922033
2025-03-28,23519.35,-0.0030820655541120134,22758.29922674895,-70.2507732510494,0.0013827965323159365,22860.13907537622,31.589075376221444,0.007209372004957574,22993.724194981667,165.17419498166782
2025-04-01,23165.7,-0.015150750180769317,22485.287252198723,-343.2627478012764,-0.018232815734881377,22416.092808563935,-412.457191436064,-0.021043381750730953,22353.17935253304,-475.3706474669598
2025-04-02,23332.35,0.007168073222718935,22992.77460178194,164.2246017819416,-0.007982676958050374,22647.042481722496,-181.50751827750355,-0.01431057804277611,22504.18670234677,-324.3632976532281
2025-04-03,23250.1,-0.003531376536686799,22748.07596984444,-80.47403015555756,0.0036366966860323213,22911.721655507925,83.1716555079256,-0.010131256962421084,22598.435735528605,-230.11426447139456
2025-04-04,22904.45,-0.01497821827338226,22489.167016378426,-339.38298362157366,-0.018509594810068978,22409.889361658814,-418.6606383411854,-0.02957433732223133,22163.296465425705,-665.2535345742945
2025-04-07,22161.6,-0.03297015338730526,22088.161631473355,-740.3883685266446,-0.04794837166068747,21759.78570758835,-1068.764292411648,-0.05946242515542454,21510.679235608124,-1317.8707643918751
2025-04-08,22535.85,0.016746313096183522,23214.062997143705,385.51299714370543,-0.01622384029112166,22461.171454346204,-367.3785456537953,-0.0275653618784716,22207.866739079756,-620.6832609202429
2025-04-09,22399.15,-0.00608436282244175,22690.07451383019,-138.4754861698093,0.01066195027374172,23073.24903131994,244.69903131994215,-0.04081779792363233,21915.49997032018,-913.05002967982
2025-04-11,22828.55,0.018988933890639957,23266.181757008635,437.63175700863576,0.012904571068198189,23125.05164449089,296.5016444908906,-0.018297487496305755,22414.643167233688,-413.9068327663117
