timestamp,close,LogReturns_1D,Shocked_Close_1D,SimReturns_1D,LogReturns_14D,Shocked_Close_14D,SimReturns_14D,LogReturns_30D,Shocked_Close_30D,SimReturns_30D
2023-12-20,26.92,,,,,,,,,
2023-12-21,27.18,0.009611903946470563,26.644881129271916,0.2548811292719151,,,,,,
2023-12-22,27.23,0.0018378979626706233,26.43854672553348,0.048546725533480384,,,,,,
2023-12-26,27.56,0.012046139459789506,26.70982005141388,0.31982005141388115,,,,,,
2023-12-27,27.7,0.0050669670478349855,26.524056603773584,0.1340566037735833,,,,,,
2023-12-28,27.63,-0.0025302742579676836,26.32331046931408,-0.06668953068592032,,,,,,
2023-12-29,27.66,0.0010851873012869833,26.418653637350705,0.02865363735070403,,,,,,
2024-01-01,27.81,0.00540834200926123,26.53311279826464,0.14311279826463874,,,,,,
2024-01-02,27.75,-0.002159828053429897,26.333063646170444,-0.0569363538295562,,,,,,
2024-01-03,27.82,0.002519346302853308,26.45656936936937,0.0665693693693683,,,,,,
2024-01-04,28.19,0.01321211863072437,26.740981308411218,0.35098130841121744,,,,,,
2024-01-05,28.21,0.000709219887883662,26.408722951401206,0.01872295140120528,,,,,,
2024-01-08,28.15,-0.0021291704282055983,26.333870967741934,-0.05612903225806676,,,,,,
2024-01-09,28.16,0.0003551767041423889,26.399374777975137,0.009374777975136084,,,,,,
2024-01-10,28.1,-0.0021329549501415196,26.333771306818182,-0.056228693181818556,0.04290007156317309,27.54676820208024,1.1567682020802401,,,
2024-01-11,28.15,0.0017777782459991356,26.436957295373663,0.04695729537366233,0.03506594586270166,27.33180647534952,0.9418064753495194,,,
2024-01-12,28.22,0.002483591838968551,26.455623445825932,0.06562344582593127,0.03571163973899968,27.349460154241644,0.9594601542416434,,,
2024-01-15,28.41,0.006710249441428731,26.567678951098515,0.17767895109851395,0.030375749720638844,27.203915094339624,0.8139150943396238,,,
2024-01-16,28.29,-0.004232810552620821,26.278532206969377,-0.1114677930306236,0.02107597212018308,26.95209747292419,0.5620974729241901,,,
2024-01-17,28.04,-0.008876323147086486,26.156790385295157,-0.23320961470484391,0.014729923231064179,26.781599710459645,0.39159971045964426,,,
2024-01-18,28.07,0.00106932820740172,26.418234664764622,0.028234664764621442,0.014714064137179078,26.781174981923357,0.3911749819233563,,,
2024-01-19,28.62,0.019404383754513695,26.907082294264338,0.5170822942643376,0.02871010588243136,27.15864077669903,0.76864077669903,,,
2024-01-20,28.61,-0.00034946706628598273,26.380779175401816,-0.009220824598184407,0.030520466869575283,27.207852252252252,0.8178522522522513,,,
2024-01-23,27.79,-0.02908006330760652,25.633628102062218,-0.7563718979377825,-0.0010789427408845818,26.361542056074764,-0.02845794392523615,,,
2024-01-24,28.53,0.02627992147099641,27.092720403022675,0.7027204030226741,0.011988860099387488,26.708290173820505,0.31829017382050395,,,
2024-01-25,28.74,0.007333715425470193,26.584248159831755,0.19424815983175492,0.018613355636973826,26.8858064516129,0.49580645161289993,,,
2024-01-29,29.26,0.017931514941099385,26.867480862908838,0.4774808629088376,0.03867404100627887,27.430600355239786,1.0406003552397856,,,
2024-01-30,29.09,-0.005826923084868009,26.236674641148326,-0.1533253588516743,0.032491941217268554,27.26154474431818,0.8715447443181787,,,
2024-01-31,29.41,0.010940280058793309,26.680299071845994,0.29029907184599324,0.045565176226203506,27.620281138790034,1.2302811387900334,,,
2024-02-01,29.23,-0.006139173442749118,26.22848350901054,-0.16151649098945953,0.037648224537455255,27.40247602131439,1.012476021314388,,,
2024-02-02,29.48,0.008516488197981228,26.61570988710229,0.22570988710229045,0.04368112089646789,27.568291991495393,1.1782919914953922,0.0908425625446087,28.899598811292716,2.5095988112927152
2024-02-05,29.63,0.005075294264337968,26.524277476255087,0.13427747625508601,0.04204616571937736,27.523255895811335,1.1332558958113346,0.08630595286247626,28.768789551140546,2.378789551140546
2024-02-06,29.86,0.007732430525570578,26.594849814377323,0.2048498143773223,0.05401140679756855,27.854556380346413,1.4645563803464121,0.09220048542537602,28.93886889460154,2.54886889460154
2024-02-07,30.28,0.013967636458203769,26.761192230408575,0.37119223040857463,0.07685536640285873,28.49818830242511,2.108188302425109,0.0941219824237903,28.994528301886795,2.604528301886795
2024-02-08,30.44,0.005270104424237023,26.529445178335536,0.13944517833553505,0.08105614261969389,28.618154613466334,2.2281546134663337,0.09432511980019234,29.00041877256318,2.610418772563179
2024-02-09,30.08,-0.011897033911846055,26.07789750328515,-0.31210249671485,0.04975472495333405,27.736240391334725,1.3462403913347245,0.08495836014631394,28.73004705030764,2.340047050307639
2024-02-12,29.48,-0.02014843176050316,25.863603723404257,-0.5263962765957437,0.02995576025911695,27.192492135616916,0.8024921356169159,0.06372474108452379,28.126435285610995,1.7364352856109946
2024-02-13,29.73,0.008444569688870448,26.61379579375848,0.22379579375848024,0.06748039325559405,28.232267002518896,1.842267002518895,0.06676096876413283,28.21196332254585,1.821963322545848
2024-02-14,30.08,0.01170386207163273,26.70067944836865,0.31067944836864925,0.052904333856230404,27.82373641780582,1.433736417805818,0.08062465888919558,28.60580900900901,2.2158090090090106
2024-02-15,30.55,0.015504186535965254,26.802343750000002,0.41234375000000156,0.06107480496672554,28.052000695894225,1.6620006958942248,0.09360949912230754,28.979672897196263,2.5896728971962624
2024-02-16,30.9,0.011391498286095338,26.692340425531913,0.30234042553191287,0.05453478831172132,27.869138755980856,1.4791387559808555,0.09178887877767852,28.926959914863424,2.5369599148634236
2024-02-19,30.79,-0.003566221967290786,26.29605501618123,-0.09394498381876915,0.05679548942929874,27.93221381918185,1.5422138191818497,0.087513436922504,28.80354838709677,2.413548387096771
2024-02-20,30.68,-0.0035789854373535854,26.295719389412145,-0.0942806105878553,0.042276223933151745,27.52958857531452,1.1395885753145194,0.086063621913356,28.7618188277087,2.371818827708701
2024-02-21,30.28,-0.01312354792980734,26.04593220338983,-0.34406779661016884,0.03529184944609348,27.33798152582963,0.9479815258296291,0.07258489727940651,28.376747159090915,1.986747159090914
2024-02-22,30.62,0.011165961660289672,26.686321003963013,0.296321003963012,0.03794132290840194,27.410508819538673,1.020508819538673,0.0858838138898376,28.75664768683274,2.3666476868327386
2024-02-23,30.74,0.003911347880912103,26.4934225996081,0.10342259960809841,0.03677737652497598,27.378623017212288,0.9886230172122872,0.08801738352475044,28.818067495559504,2.428067495559503
2024-02-26,30.71,-0.0009764036577187796,26.364245283018867,-0.025754716981133186,0.028068542341686695,27.14122237106497,0.7512223710649693,0.08455738802806317,28.71852941176471,2.328529411764709
2024-02-27,30.65,-0.001955672070510654,26.33844024747639,-0.05155975252360889,0.01214523381297228,26.712466974900924,0.322466974900923,0.07589146651612383,28.47073213657163,2.08073213657163
2024-02-28,30.29,-0.011815037343074508,26.080035889070146,-0.30996411092985454,-0.004939907954339264,26.259957293035477,-0.1300427069645238,0.06830923972567018,28.255676917638745,1.8656769176387442
2024-02-29,30.29,0.0,26.39,0.0,0.00695712595750698,26.574238696808514,0.18423869680851368,0.07718556287275662,28.507599857346648,2.1175998573466472
2024-03-01,30.92,0.020585598680075375,26.93888412017168,0.5488841201716781,0.047691156398085355,27.679063772048845,1.289063772048845,0.09670183334543003,29.06942643391521,2.6794264339152107
2024-03-02,31.05,0.004195584660266615,26.500954075032343,0.11095407503234256,0.043442171369481544,27.561705348133202,1.1717053481332016,0.08149303425118301,28.630660377358495,2.2406603773584948
2024-03-04,31.54,0.015657773155404446,26.806460547504024,0.4164605475040233,0.047396082453253226,27.67089760638298,1.280897606382979,0.09750027447287349,29.092645927997207,2.7026459279972066
2024-03-05,31.67,0.004113279015656142,26.498772986683576,0.10877298668357582,0.03600517493294418,27.35748936170213,0.9674893617021283,0.13069361679613625,30.07453400503779,3.68453400503779
2024-03-06,31.64,-0.0009477176510953014,26.365001578781182,-0.024998421218818123,0.023665958995753394,27.021993527508094,0.6319935275080937,0.10346597767404456,29.26672274798458,2.87672274798458
2024-03-07,31.99,0.011001211061973364,26.681924778761058,0.29192477876105727,0.03823339202501758,27.41851575186749,1.028515751867488,0.10713347331054769,29.374255393180235,2.9842553931802343
2024-03-11,31.87,-0.003758225532181552,26.291006564551424,-0.09899343544857686,0.038054151930189656,27.413601694915258,1.023601694915257,0.08544373283726679,28.743995215311006,2.3539952153110058
2024-03-12,31.42,-0.01422049560176997,26.01737684342642,-0.3726231565735816,0.03695720425822711,27.383546895640688,0.9935468956406872,0.07705016032036491,28.503740116878657,2.113740116878656
2024-03-13,30.22,-0.03894067598288172,25.382106938255884,-1.0078930617441166,-0.013149433384944209,26.045258001306337,-0.34474199869366373,0.027169204278689765,27.116824209452567,0.7268242094525661
2024-03-14,30.53,0.010205849902192992,26.660711449371277,0.27071144937127656,-0.006854931363663275,26.20971698113208,-0.18028301886792164,0.04351422762363188,27.56369141293192,1.1736914129319196
2024-03-15,29.99,-0.017845813985868875,25.923226334752698,-0.46677366524730246,-0.02372434169181334,25.771282969716705,-0.618717030283296,0.01715192543978187,26.846543419267302,0.4565434192673017
2024-03-18,30.2,0.0069779316199063,26.57479159719907,0.18479159719906946,-0.014790738001396384,26.002544861337686,-0.3874551386623146,0.01905456279535007,26.897671279109012,0.5076712791090117
2024-03-19,29.64,-0.018717123952937755,25.90064900662252,-0.48935099337748156,-0.021692824611259785,25.823690987124465,-0.5663090128755357,-0.007394991683158108,26.195565974547893,-0.1944340254521073
2024-03-20,29.6,-0.0013504390978714624,26.354385964912282,-0.03561403508771832,-0.02304326370913113,25.788841201716743,-0.601158798283258,-0.02271306723923335,25.797357992073977,-0.592642007926024
2024-03-21,30.45,0.02831163282589135,27.14782094594595,0.757820945945948,-0.015317229563315275,25.98885834411384,-0.40114165588616046,0.0003284611624209874,26.398669513797635,0.00866951379763492
2024-03-22,30.69,0.007850874475738854,26.598000000000003,0.20800000000000196,-0.011661939747842975,26.084028985507246,-0.305971014492755,0.02007636955000588,26.925169547872343,0.5351695478723428
2024-03-26,30.96,0.008759180089881554,26.62217008797654,0.23217008797653804,-0.018560532813365928,25.904705136334815,-0.48529486366518526,0.04898398140039061,27.714871099050207,1.3248710990502062
2024-03-27,30.97,0.00032294526358498613,26.398523901808783,0.008523901808782597,-0.022350866565437142,25.80670350489422,-0.5832964951057811,0.04086235697510498,27.49069290279179,1.1006929027917884
2024-03-28,31.81,0.026761711775941357,27.105776557959317,0.715776557959316,0.005358562861599633,26.53179203539823,0.14179203539822893,0.055920206679413734,27.907775930851066,1.5177759308510659
2024-04-01,31.72,-0.0028333089944054457,26.315334800377244,-0.07466519962275697,-0.008475957194779336,26.167264770240703,-0.22273522975929794,0.03758271114904285,27.40068085106383,1.010680851063828
2024-04-02,31.96,0.007537724131426673,26.58967213114754,0.19967213114754045,0.002819992468828946,26.464524631314717,0.07452463131471632,0.033728936994374285,27.29528802588997,0.9052880258899698
2024-04-03,31.99,0.0009382330633525876,26.414771589486854,0.02477158948685343,0.017978721133951475,26.868749204328452,0.4787492043284516,0.03823339202501758,27.41851575186749,1.028515751867488
2024-04-04,31.95,-0.0012511731378827748,26.35700218818381,-0.0329978118161911,0.05566822397895025,27.900744540039707,1.5107445400397062,0.04056120432448836,27.48241525423729,1.092415254237288
2024-04-05,32.02,0.002188526745024937,26.44781846635368,0.057818466353680265,0.04765090082178214,27.67794955781199,1.287949557811988,0.055873278999320555,27.906466314398944,1.5164663143989436
2024-04-08,32.03,0.00031225605249803957,26.398241723922546,0.008241723922544963,0.06580897086014909,28.18511837279093,1.795118372790931,0.04501957339152909,27.60521554539517,1.2152155453951679
2024-04-09,31.88,-0.004694109699052569,26.26641273805807,-0.12358726194193181,0.054136929541190267,27.85805298013245,1.4680529801324482,0.03641411581156449,27.36867924528302,0.9786792452830184
2024-04-10,32.1,0.006877176213955973,26.572114178168132,0.18211417816813125,0.079731229708084,28.580263157894738,2.190263157894737,0.044267695683239246,27.584467600130253,1.1944676001302525
2024-04-12,32.03,-0.002183066514903394,26.33245171339564,-0.057548286604362175,0.07889860229105206,28.55647635135135,2.166476351351349,0.044040301238846356,27.578195758564437,1.1881957585644365
2024-04-15,31.62,-0.012883131839740823,26.05219481735873,-0.33780518264127224,0.03770383762542003,27.404000000000003,1.014000000000003,0.04297220674218017,27.548755364806873,1.158755364806872
2024-04-16,31.66,0.0012642226715400904,26.423383934218847,0.03338393421884689,0.03111718582122133,27.22409253828609,0.8340925382860895,0.0442364294137201,27.58360515021459,1.1936051502145908
2024-04-18,31.4,-0.008246161538658404,26.173278584965256,-0.21672141503474407,0.014111844192681196,26.76505167958656,0.3750516795865586,0.015404669194986455,26.7996765847348,0.4096765847348003
2024-04-19,31.13,-0.008635908460690823,26.1630796178344,-0.22692038216560206,0.005152990468405299,26.526338391992248,0.13633839199224695,0.0025731760740289075,26.457993558776163,0.06799355877616264
2024-04-22,31.59,0.014668630360476949,26.779958239640216,0.38995823964021525,-0.006940090947058931,26.20748506758881,-0.1825149324111912,0.0015840332791015664,26.43183576410907,0.041835764109070084
2024-04-23,31.72,0.004106781952653281,26.498600823045265,0.10860082304526486,0.0,26.39,0.0,0.0015775362160987303,26.431664035364697,0.04166403536469687
2024-04-24,31.99,0.008475957194779364,26.614631147540983,0.22463114754098257,0.0009382330633525876,26.414771589486854,0.02477158948685343,0.011001211061973364,26.681924778761058,0.29192477876105727
2024-04-25,32.4,0.012735068836857155,26.728227571115976,0.3382275711159757,0.012735068836857155,26.728227571115976,0.3382275711159757,0.012735068836857155,26.728227571115976,0.3382275711159757
2024-04-26,32.72,0.009828088936262693,26.650641975308645,0.2606419753086442,0.023814330911002487,27.026003129890455,0.6360031298904545,0.026321383305301295,27.093843740194544,0.703843740194543
2024-04-29,32.71,-0.00030567018425368893,26.38193459657702,-0.008065403422982342,0.02132013398172395,26.95867895065584,0.5686789506558405,0.04023620872281741,27.47348504137492,1.0834850413749209
2024-04-30,33.07,0.010945685443408924,26.680443289513914,0.29044328951391307,0.03195356337263455,27.246871682797376,0.8568716827973759,0.09012257014910785,28.878798808735937,2.488798808735936
2024-05-02,33.7,0.018871310364614802,26.892742667069857,0.5027426670698567,0.055518983436301794,27.896580928481807,1.5065809284818066,0.09878803061152967,29.13013429413692,2.7401342941369187
2024-05-03,33.84,0.004145697379706566,26.499632047477746,0.10963204747774569,0.05278750460205234,27.820485981308412,1.4304859813084114,0.12077954197710497,29.777845948649556,3.387845948649556
2024-05-06,33.25,-0.01758876763615951,25.929890661938533,-0.4601093380614678,0.03738180348079638,27.395176397127695,1.0051763971276948,0.09621284272103921,29.05521523178808,2.6652152317880784
2024-05-07,32.53,-0.021892026616603007,25.818547368421054,-0.5714526315789463,0.028372908703934156,27.149484503478813,0.7594845034788129,0.09303794005737395,28.96311403508772,2.5731140350877197
2024-05-08,33.09,0.017068381448260717,26.844300645557947,0.4543006455579466,0.0441770674806548,27.581967782691095,1.1919677826910942,0.1114567606035061,29.50152364864865,3.1115236486486495
2024-05-09,32.48,-0.018606606640043766,25.903511634935022,-0.4864883650649787,0.03381662237926951,27.29768152866242,0.9076815286624189,0.06453852113757116,28.149333333333335,1.759333333333334
2024-05-10,32.81,0.010108831679533277,26.658125000000005,0.26812500000000483,0.05256136251949346,27.814195309990364,1.4241953099903633,0.06679647834136554,28.212965135223204,1.8229651352232032
2024-05-13,32.85,0.0012183979576091282,26.422173117951843,0.0321731179518423,0.039111130116625696,27.442592592592593,1.0525925925925925,0.05925569620909325,28.00101744186047,1.6110174418604686
2024-05-14,33.21,0.010899290458035638,26.679205479452055,0.289205479452054,0.04590363862200801,27.629631147540984,1.2396311475409831,0.06983204140354381,28.29873748789151,1.9087374878915107
2024-05-15,33.41,0.006004220980009728,26.548928033724778,0.15892803372477715,0.043431902407238404,27.561422319474833,1.171422319474832,0.049074550607612455,27.71738132662685,1.327381326626849
2024-05-16,33.8,0.01160554612030789,26.698054474708172,0.3080544747081717,0.04230237969068937,27.53030864197531,1.1403086419753095,0.06351340572232572,28.120491803278686,1.7304918032786851
2024-05-17,34.17,0.010887263638227564,26.67888461538462,0.28888461538462096,0.04336155439265418,27.55948349633252,1.1694834963325178,0.06686294522912667,28.214840425531918,1.8248404255319173
2024-05-18,34.54,0.010770006591331973,26.675756511559847,0.28575651155984616,0.054437231168239994,27.866420055029042,1.4764200550290418,0.07669471875710585,28.493610503282273,2.1036105032822725
2024-05-21,34.67,0.0037566869783996117,26.48932541980313,0.09932541980312948,0.04724823270323061,27.666806773510736,1.2768067735107351,0.08170257887338823,28.63666040688576,2.246660406885759
2024-05-22,34.83,0.004604324680977728,26.51178828958754,0.1217882895875384,0.03298124701959375,27.274887240356083,0.8848872403560826,0.08411837680934103,28.705924422236098,2.3159244222360975
2024-05-23,35.05,0.006296529102689222,26.556689635371804,0.16668963537180304,0.035132078742576366,27.33361406619385,0.9436140661938488,0.09010264985953223,28.878223540430845,2.4882235404308446
2024-05-24,35.47,0.011911655304931473,26.706228245363768,0.31622824536376726,0.06463250168366727,28.15197894736842,1.7619789473684193,0.10670841486351615,29.36177227101631,2.9717722710163095
2024-05-27,35.46,-0.0002819681394685523,26.382559909782916,-0.007440090217084361,0.08624256016080166,28.766965877651398,2.376965877651397,0.09954927051009158,29.152317757009346,2.7623177570093453
2024-05-28,35.35,-0.0031069083034800838,26.308135927805978,-0.0818640721940227,0.0660672704090609,28.192399516470232,1.8023995164702313,0.09862542872151504,29.12539806431471,2.735398064314708
2024-05-29,35.26,-0.0025492153728576598,26.322811881188116,-0.06718811881188458,0.082124661676247,28.648750000000003,2.2587500000000027,0.1089593451883981,29.42793801391524,3.037938013915241
2024-05-30,35.08,-0.0051180094657419005,26.255280771412366,-0.13471922858763463,0.06689782053097186,28.21582444376714,1.8258244437671394,0.10257711305111614,29.240720151610866,2.850720151610865
2024-05-31,34.69,-0.011179706522323954,26.096610604332955,-0.29338939566704525,0.05449971605103865,27.868161339421608,1.4781613394216073,0.09964356806745069,29.155066878980893,2.7650668789808925
2024-06-03,36.9,0.061760090064823095,28.07123090227731,1.68123090227731,0.10536051565782614,29.32222222222222,2.9322222222222187,0.17003956659296476,31.281432701574047,4.891432701574047
2024-06-04,35.62,-0.03530427318496597,25.474574525745258,-0.915425474254743,0.06405202149285041,28.135642023346303,1.7456420233463028,0.12006666304752174,29.756625514403293,3.3666255144032924
2024-06-05,33.85,-0.050968278503231476,25.0786496350365,-1.311350364963502,0.0014781968693109652,26.429038461538465,0.03903846153846402,0.06499160259163693,28.16209016393443,1.772090163934429
2024-06-06,34.78,0.027103509567852943,27.115042836041358,0.7250428360413572,0.017694442798936564,26.861112086625695,0.4711120866256948,0.08361915496471041,28.691597374179434,2.3015973741794333
2024-06-07,35.37,0.01682149429125207,26.837673950546286,0.4476739505462852,0.023745930498856753,27.024154603358426,0.6341546033584251,0.08770558041910545,28.80908333333333,2.4190833333333295
2024-06-10,35.5,0.003668693263980839,26.486994628216003,0.09699462821600235,0.023657936784438012,27.02177675223536,0.6317767522353606,0.08154618474682385,28.632182151589245,2.242182151589244
2024-06-11,35.71,0.005898065124987001,26.54610985915493,0.15610985915493103,0.02495167722844726,27.056758541487223,0.6667585414872228,0.08774992005606452,28.81036074594925,2.4203607459492495
2024-06-12,36.07,0.01003073330909059,26.65604312517502,0.2660431251750204,0.028685881434848536,27.157982881597718,0.7679828815977174,0.08683496792174629,28.78401270033263,2.394012700332631
2024-06-13,36.35,0.0077327090640806955,26.5948572220682,0.204857222068199,0.02450693519399802,27.04472793910347,0.6547279391034699,0.07569636662121222,28.465178041543023,2.0751780415430225
2024-06-14,36.82,0.012846971825403314,26.731218707015127,0.3412187070151269,0.037635875158870055,27.40213761985336,1.012137619853359,0.08439764106690921,28.71394208037825,2.3239420803782487
2024-06-18,36.96,0.0037950709685515343,26.49034220532319,0.10034220532319083,0.044537854430901684,27.59192079207921,1.2019207920792105,0.10578147967162022,29.33456842105263,2.9445684210526295
2024-06-19,36.33,-0.017192400540372875,25.940170454545456,-0.4498295454545449,0.02989466926338633,27.190830969937604,0.8008309699376035,0.11048110574785049,29.472754380571782,3.0827543805717816
2024-06-20,36.24,-0.002480365058331843,26.324624277456653,-0.06537572254334734,0.032532313670796315,27.262645381984036,0.8726453819840359,0.09093235924125781,28.902194016319132,2.512194016319132
2024-06-21,36.07,-0.004701986259331007,26.266205849889623,-0.12379415011037764,0.03901003393378938,27.439818391467284,1.0498183914672836,0.10483697962197054,29.306875000000005,2.9168750000000045
2024-06-24,36.24,0.004701986259331026,26.514377599112837,0.12437759911283663,-0.018048069871702863,25.9179837398374,-0.4720162601626008,0.09943013420176826,29.148844864370616,2.758844864370616
2024-06-25,36.09,-0.004147662520081373,26.28076986754967,-0.10923013245033175,0.013108540793181765,26.738211678832123,0.3482116788321221,0.09406407372407771,28.992849315068494,2.602849315068493
2024-06-26,36.13,0.0011077265048516113,26.41924909947354,0.02924909947353882,0.06518454580126494,28.16752437223043,1.777524372230431,0.0842725097708938,28.710349292381817,2.3203492923818168
2024-06-27,35.85,-0.007779978113919531,26.185482978134512,-0.20451702186548815,0.030301058119492335,27.201883266244966,0.8118832662449655,0.07048831067696437,28.31731517509728,1.9273151750972808
2024-06-28,35.95,0.0027855171214264483,26.463612273361232,0.07361227336123122,0.016265080949666697,26.822745264348324,0.4327452643483234,0.06166828167808285,28.068653846153854,1.6786538461538534
2024-07-01,36.24,0.008034397007722967,26.60288178025035,0.2128817802503491,0.020630784693408614,26.940101408450708,0.5501014084507077,0.05881541504757822,27.988691834942937,1.5986918349429367
2024-07-02,36.3,0.001654260096026468,26.43369205298013,0.04369205298013057,0.01638697966444785,26.826015121814613,0.4360151218146129,0.04969966855227254,27.73471337579618,1.3447133757961787
2024-07-03,36.45,0.004123717183862156,26.499049586776863,0.10904958677686238,0.010479963539219506,26.668020515663986,0.2780205156639859,0.050066698757735215,27.74489472166138,1.3548947216613811
2024-07-04,36.79,0.00928461066201581,26.636161865569274,0.24616186556927389,0.012031865137154577,26.70943878954608,0.31943878954607996,0.05474698473877323,27.875053115130637,1.4850531151306363
2024-07-05,37.02,0.006232238028668566,26.55498233215548,0.16498233215547842,0.005417131340419759,26.533346007604568,0.14334600760456695,0.054682693664752556,27.873261055634813,1.483261055634813
2024-07-08,37.0,-0.0005403945011270826,26.375742841707183,-0.014257158292817707,0.0010816658707409699,26.418560606060606,0.028560606060604954,0.04223064385869393,27.528333803213982,1.1383338032139818
2024-07-09,37.13,0.0035073555447643436,26.482721621621625,0.09272162162162445,0.02178142195587824,26.971117533718694,0.5811175337186931,0.046019967542926844,27.632845459672872,1.2428454596728713
2024-07-10,37.04,-0.0024268584110101413,26.326032857527604,-0.06396714247239643,0.02183492860319995,26.972560706401765,0.5825607064017646,0.04670001743539673,27.651643564356434,1.261643564356433
2024-07-11,37.08,0.0010793309196758319,26.418498920086396,0.02849892008639543,0.027616245782206696,27.128949265317438,0.7389492653174372,0.05032856372793023,27.752161089052752,1.3621610890527514
2024-07-12,36.91,-0.004595223655747249,26.26901024811219,-0.12098975188781225,0.01831903586712847,26.877894591611476,0.4878945916114752,0.05085134953792496,27.76667331812999,1.3766733181299884
2024-07-15,37.17,0.007019467267253691,26.575895421295044,0.18589542129504366,0.029486165654463485,27.179725685785534,0.7897256857855339,0.06905052332750262,28.276630152781788,1.8866301527817875
2024-07-16,37.02,-0.004043677163809254,26.28350282485876,-0.10649717514123935,0.024334761985802613,27.04007196235815,0.650071962358151,0.0032467560988700944,26.475821138211387,0.08582113821138648
2024-07-18,36.47,-0.014968302324762687,25.997928146947594,-0.392071853052407,0.01714643777495947,26.84639609483961,0.45639609483960797,0.023582726959073364,27.01974452554745,0.6297445255474479
2024-07-19,35.57,-0.02498741886022498,25.738752399232247,-0.6512476007677535,-0.010626498206691953,26.11105146036161,-0.27894853963838884,0.04956358660207979,27.730939438700148,1.340939438700147
2024-07-22,35.88,0.008677451230231704,26.619994377284232,0.2299943772842319,-0.00998344398418315,26.127847682119206,-0.2621523178807941,0.031137528264458536,27.22464634847614,0.834646348476138
2024-07-23,35.6,-0.007834399332610665,26.184057971014493,-0.20594202898550762,-0.019472103412820182,25.881101928374658,-0.5088980716253424,0.006481634640595636,26.561605880689854,0.17160588068985305
2024-07-24,35.67,0.0019643615128154914,26.441890449438205,0.0518904494382042,-0.021631459083867082,25.82527572016461,-0.5647242798353922,0.004777302889430125,26.516374647887325,0.12637464788732444
2024-07-25,35.86,0.005312468806186499,26.530569105691054,0.1405691056910534,-0.02560360093969612,25.722897526501768,-0.6671024734982325,0.004191706570629595,26.500851302156256,0.11085130215625583
2024-07-26,36.7,0.023154286883537854,27.008170663692137,0.6181706636921369,-0.00868155208482692,26.161885467314963,-0.22811453268503712,0.01731526014507712,26.850928749653455,0.4609287496534549
2024-07-29,37.24,0.01460669734834162,26.778299727520434,0.3882997275204332,0.006465539764642031,26.561178378378383,0.17117837837838223,0.024189248429337985,27.036137551581845,0.6461375515818446
2024-07-30,37.29,0.0013417417818631485,26.425432330827068,0.035432330827067204,0.004299926001740539,26.503719364395362,0.11371936439536157,0.012684018385797706,26.726863117870725,0.336863117870724
2024-07-31,37.51,0.005882369903066392,26.54569321533923,0.1556932153392303,0.012609154315817337,26.72486231101512,0.33486231101511876,0.014771317320312503,26.782708333333332,0.39270833333333144
2024-08-01,37.45,-0.0016008541305673179,26.347787256731543,-0.042212743268457587,0.009928969265574137,26.653330636461707,0.2633306364617063,0.030362863730117966,27.203564547206167,0.8135645472061661
2024-08-02,36.65,-0.021593281630568135,25.826261682242986,-0.5637383177570143,-0.007069088709246606,26.20410457870496,-0.1858954212950401,0.011249947157881893,26.688562362030904,0.29856236203090347
2024-08-05,35.5,-0.03188073185129034,25.56193724420191,-0.82806275579809,-0.04596928782779069,25.204331450094163,-1.185668549905838,-0.015928798434077476,25.97296922650402,-0.4170307734959806
2024-08-06,34.91,-0.016759375364425493,25.951405633802818,-0.43859436619718295,-0.05868498602840692,24.885869800108047,-1.5041301998919536,-0.03739016005783402,25.42149282560706,-0.9685071743929399
2024-08-07,36.04,0.0318561116231925,27.2442165568605,0.8542165568605,-0.011860572080451636,26.078848368522074,-0.31115163147792657,-0.0013863859145601465,26.353438625658075,-0.0365613743419253
2024-08-08,35.91,-0.0036136245021457358,26.294808546059933,-0.09519145394006756,0.009513222277627645,26.642251897666572,0.2522518976665715,-0.006107736921557496,26.229308054248545,-0.16069194575145573
2024-08-09,36.49,0.01602244221036491,26.816237816764136,0.42623781676413586,0.016858213257760914,26.838659420289854,0.4486594202898537,0.017694683402726823,26.861118549511854,0.4711185495118535
2024-08-12,36.34,-0.004119187480331076,26.28151822417101,-0.10848177582899154,0.0205734251100405,26.938556179775286,0.5485561797752858,0.010789978800969494,26.676289290681503,0.286289290681502
2024-08-13,35.94,-0.011068181612612351,26.099521188772698,-0.29047881122730246,0.007540881984612697,26.589756097560972,0.19975609756097157,-0.008312599819365697,26.171539735099337,-0.2184602649006635
2024-08-14,35.85,-0.0025073143097834954,26.32391485809683,-0.06608514190316939,-0.000278901131357453,26.382640825432237,-0.007359174567763915,-0.012474174225175577,26.062851239669428,-0.32714876033057294
2024-08-16,36.55,0.019337619150158088,26.90528591352859,0.5152859135285901,-0.004095568864737193,26.282138964577655,-0.10786103542234571,0.0027397277411202693,26.462400548696845,0.07240054869684442
2024-08-19,36.67,0.0032777958874471887,26.476642954856363,0.08664295485636231,-0.015424470325631639,25.98607142857143,-0.40392857142856897,-0.0032670870334483206,26.3039222614841,-0.08607773851590039
2024-08-20,36.87,0.005439230162818438,26.533932369784566,0.14393236978456514,-0.01132698194467631,26.09276749798874,-0.29723250201126206,-0.00406009489929846,26.283071312803887,-0.10692868719611326
2024-08-21,37.0,0.0035197003981713346,26.483048548955793,0.0930485489557924,-0.01368965144957147,26.031191682218076,-0.358808317781925,0.0,26.39,0.0
2024-08-22,37.04,0.0010804971337541789,26.41852972972973,0.02852972972972978,-0.011008300185249984,26.10108411214953,-0.2889158878504716,-0.0024268584110101413,26.326032857527604,-0.06396714247239643
2024-08-23,37.15,0.00296536138578943,26.46837203023758,0.07837203023757766,0.013550342831107596,26.750027285129605,0.360027285129604,0.00296536138578943,26.46837203023758,0.07837203023757766
2024-08-26,37.46,0.0083099258521744,26.610212651413192,0.2202126514131919,0.053741000534572314,27.847025352112677,1.4570253521126766,0.010195956318288167,26.660447680690403,0.2704476806904026
2024-08-27,37.42,-0.0010683761699988277,26.36182060864923,-0.028179391350771965,0.06943199972899897,28.28741907762819,1.8974190776281894,0.013722803804036485,26.754641018694127,0.364641018694126
2024-08-28,37.44,0.0005343307634476576,26.404104756814537,0.014104756814536046,0.038110218869254135,27.41513873473918,1.0251387347391798,0.007237667300230382,26.581694915254236,0.1916949152542351
2024-08-29,37.64,0.005327663107787569,26.53097222222222,0.14097222222222072,0.04705150647918757,27.66136452241716,1.2713645224171586,0.01660900757182726,26.83197190707725,0.4419719070772494
2024-08-30,37.8,0.004241787908363124,26.50217853347503,0.11217853347502782,0.035270852177185556,27.337407508906544,0.9474075089065437,0.03581909780495306,27.35239923224568,0.96239923224568
2024-09-02,37.59,-0.005571045049455248,26.243388888888894,-0.14661111111110614,0.03381899460806144,27.297746285085303,0.9077462850853024,0.05523547161572278,27.888673039077876,1.4986730390778753
2024-09-03,37.61,0.0005319149061582551,26.404040968342642,0.014040968342641236,0.045419091126832144,27.616246521981083,1.226246521981082,0.0470899352916495,27.66242753623188,1.2724275362318807
2024-09-04,37.42,-0.005064651636301434,26.256681733581495,-0.13331826641850597,0.042861753800314185,27.545712691771268,1.1557126917712672,0.049859682987958766,27.73915168539326,1.3491516853932595
2024-09-05,37.35,-0.0018724092671172858,26.34063335114912,-0.04936664885088149,0.02165172538303902,26.967619699042412,0.5776196990424118,0.04602291220802623,27.632926829268296,1.2429268292682956
2024-09-06,36.72,-0.017011345826536677,25.944867469879515,-0.44513253012048537,0.0013625836690548889,26.42598309244614,0.03598309244613773,0.023699097575302978,27.022889012827665,0.6328890128276647
2024-09-09,36.41,-0.008478103564947681,26.167208605664488,-0.22279139433551265,-0.012554750058711142,26.06075128831028,-0.32924871168972203,-0.007933292873182684,26.181468664850133,-0.20853133514986766
2024-09-10,36.6,0.005204778219978636,26.527712166987097,0.13771216698709665,-0.010869672236903879,26.104702702702703,-0.2852972972972978,-0.017335212001545787,25.936466165413535,-0.4535338345864659
2024-09-11,36.34,-0.007129177439295425,26.20253005464481,-0.1874699453551898,-0.019079346809953365,25.891268898488125,-0.4987311015118756,-0.02580613122270416,25.717688388307863,-0.6723116116921375
2024-09-12,37.1,0.020697906645364382,26.941909741331866,0.5519097413318654,-0.0013468015503786276,26.35448183041723,-0.03551816958276888,-0.010990594480406471,26.10154625433218,-0.28845374566781956
2024-09-13,37.19,0.0024229383235891406,26.45401886792453,0.06401886792452771,-0.007233789078963891,26.199789108382273,-0.19021089161772764,-0.006966802026249893,26.20678504672897,-0.18321495327102966
2024-09-16,37.19,0.0,26.39,0.0,-0.006165412908965035,26.227795296632813,-0.16220470336718762,0.014626479604318085,26.77882946793997,0.38882946793997064
2024-09-17,37.25,0.0016120368885898587,26.432575961279916,0.042575961279915475,-0.005087706783822758,26.25607638888889,-0.13392361111111128,0.04811924834419835,27.690915492957746,1.3009154929577456
2024-09-18,37.11,-0.003765469753062321,26.29081610738255,-0.0991838926174502,-0.014180839644672722,26.018408607863975,-0.37159139213602543,0.06111315395556167,28.053076482383275,1.6630764823832749
2024-09-19,36.67,-0.01192749298927154,26.077103206682835,-0.31289679331716513,-0.030350120542307214,25.601092592592597,-0.7889074074074038,0.01732954934309746,26.851312430632632,0.4613124306326313
2024-09-20,37.19,0.014080925853743828,26.764224161439863,0.37422416143986226,-0.010698149639108081,26.109180633147112,-0.28081936685288866,0.035024099698987204,27.33066276803119,0.9406627680311885
2024-09-23,37.92,0.01943876944984256,26.908007528905625,0.5180075289056241,0.008208704904576184,26.607519276788093,0.21751927678809224,0.03844042693846477,27.424192929569745,1.0341929295697447
2024-09-24,38.15,0.006047080343644953,26.550065928270044,0.1600659282700434,0.019320436884522302,26.90482362373062,0.5148236237306207,0.04860669476244068,27.704416620803517,1.3144166208035166
2024-09-25,38.11,-0.0010490428446971174,26.36233027522936,-0.027669724770639448,0.020143803306942522,26.926985274431058,0.536985274431057,0.058625833530355984,27.983386199220927,1.5933861992209266
2024-09-26,38.45,0.008881981065884142,26.62543951718709,0.2354395171870891,0.04603713019936346,27.633319716775606,1.2433197167756056,0.07001512890602359,28.30391910739191,1.9139191073919086
2024-09-27,38.72,0.006997566456723234,26.575313394018206,0.18531339401820546,0.06151280022103422,28.06429003021148,1.6742900302114805,0.057675076212588744,27.956793433652532,1.5667934336525313
2024-09-30,38.33,-0.01012338301591252,26.124191632231405,-0.26580836776859584,0.04618463898514309,27.637396174863387,1.2473961748633862,0.04427389730922898,27.584638669211888,1.194638669211887
2024-10-01,38.51,0.004685068434353786,26.51392903730759,0.1239290373075903,0.05799888485879226,27.965847550908087,1.5758475509080867,0.04351973558076444,27.563843232980744,1.1738432329807438
2024-10-03,38.31,-0.005206989114259784,26.25294468969099,-0.13705531030900886,0.03209398909916807,27.250698113207545,0.860698113207544,0.034793046068333146,27.324348648648648,0.9343486486486476
2024-10-04,37.44,-0.022971307103166468,25.790696945967106,-0.5993030540328945,0.00669974367241271,26.56739983866631,0.17739983866631093,0.010741241831412616,26.67498920086393,0.2849892008639294
2024-10-07,36.54,-0.024332100659530554,25.755625000000002,-0.6343749999999986,-0.017632356987118004,25.9287604194676,-0.4612395805323999,-0.016556220213907548,25.956678331090174,-0.4333216689098265
2024-10-08,37.55,0.027265827260283045,27.119444444444444,0.729444444444443,0.008021433384575085,26.602536912751674,0.2125369127516734,0.0023996811942012222,26.453403630539242,0.06340363053924136
2024-10-09,37.85,0.00795760167331414,26.60083888149135,0.21083888149134822,0.019744504810951528,26.916235516033414,0.5262355160334131,0.011425659037514212,26.69325227151256,0.30325227151255874
2024-10-10,37.98,0.0034287255006818693,26.480639365918094,0.09063936591809352,0.03510072330090503,27.3327570220889,0.9427570220888981,0.014320053774748471,26.770625,0.38062499999999844
2024-10-11,38.08,0.0026295045390247592,26.45948393891522,0.06948393891521931,0.023649301986185815,27.021543425652055,0.6315434256520547,0.011621895205985527,26.69849096705632,0.3084909670563185
2024-10-14,38.27,0.004977089514446423,26.52167279411765,0.1316727941176481,0.009187622050789851,26.63357858649789,0.24357858649788966,0.012357196812069138,26.718129629629637,0.3281296296296361
2024-10-15,38.26,-0.00026133542550418345,26.383104259210867,-0.006895740789133242,0.0028792062816408127,26.466091743119268,0.07609174311926736,0.017666906436020056,26.86037243947858,0.4703724394785809
2024-10-16,38.08,-0.004715754088942287,26.26584422373236,-0.12415577626764218,-0.0007875049626042703,26.36922592495408,-0.02077407504592088,0.012419237440919424,26.719787290614196,0.3297872906141954
2024-10-17,37.11,-0.025802734850658364,25.71777573529412,-0.672224264705882,-0.03547222087914686,25.470296488946683,-0.9197035110533172,-0.008318845773437375,26.171376269374665,-0.21862373062533536
2024-10-18,37.39,0.007516813916516264,26.589116141201835,0.1991161412018343,-0.03495297341935382,25.483525309917358,-0.9064746900826428,0.0010703774101960954,26.418262382864796,0.028262382864795654
2024-10-21,36.83,-0.015090558532048529,25.9947499331372,-0.3952500668628005,-0.03992014893548977,25.357258022436735,-1.0327419775632656,0.0029911647046841332,26.469055010893243,0.07905501089324218
2024-10-22,35.97,-0.02362747274944139,25.773779527559054,-0.616220472440947,-0.06823269011928497,24.649397559075563,-1.7406024409244374,-0.012158204479809406,26.071087613293056,-0.3189123867069448
2024-10-23,35.67,-0.008375258336732383,26.169899916597167,-0.2201000834028335,-0.07140095934175751,24.571425215348473,-1.8185747846515277,-0.025738241036520428,25.71943442622951,-0.6705655737704923
2024-10-24,35.76,0.0025199509345131947,26.45658536585366,0.06658536585365837,-0.04590970130407786,25.205833333333334,-1.1841666666666661,-0.016089112662711864,25.968805723720415,-0.4211942762795857
2024-10-25,35.02,-0.020910623447607465,25.84389821029083,-0.5461017897091693,-0.04248822409215473,25.292222222222225,-1.0977777777777753,-0.05769764275568361,24.91045283018868,-1.479547169811319
2024-10-28,35.22,0.005694776210354234,26.54071387778412,0.1507138777841206,-0.06405927514208368,24.75248468708389,-1.6375153129161113,-0.05442580486891851,24.992089271309496,-1.3979107286905048
2024-10-29,35.57,0.009888482892303702,26.65225156161272,0.2622515616127181,-0.062128393923093994,24.8003249669749,-1.5896750330250988,-0.044537321976614724,25.240449045442325,-1.1495509545576752
2024-10-30,35.41,-0.00450831983655156,26.27129322462749,-0.11870677537250884,-0.07006543926032749,24.604262769878883,-1.7857372301211178,-0.05065767870175625,25.086440268456375,-1.3035597315436256
2024-10-31,35.21,-0.005664132956851129,26.240946060434908,-0.14905393956509272,-0.07835907675620338,24.40104779411765,-1.9889522058823523,-0.05255634190554499,25.038854756130426,-1.3511452438695741
2024-11-01,35.51,0.00848421378803527,26.614850894632205,0.22485089463220476,-0.07485195248261446,24.486775542200157,-1.903224457799844,-0.03214463512823818,25.555192255249523,-0.8348077447504778
2024-11-04,35.02,-0.013895020097290565,26.02584624049564,-0.3641537595043616,-0.08848563715440085,24.15519602718244,-2.2348039728175593,-0.060120581079272685,24.85016940037645,-1.5398305996235493
2024-11-05,35.19,0.0048426244757877705,26.5181067961165,0.1281067961164979,-0.07892725858967085,24.3871875,-2.002812500000001,-0.07471672605332733,24.490087025316456,-1.899912974683545
2024-11-06,35.8,0.0171859420731609,26.847456663824953,0.45745666382495287,-0.03593858166585166,25.45842091080571,-0.9315790891942903,-0.0635778643238114,24.76440366972477,-1.6255963302752292
2024-11-07,35.36,-0.012366655637211866,26.065653631284917,-0.3243463687150836,-0.05582205121957974,24.957218507622358,-1.432781492377643,-0.07489547711632621,24.48570978745736,-1.9042902125426409
2024-11-08,35.07,-0.00823517361735592,26.17356617647059,-0.21643382352941032,-0.0489666663048872,25.128897637795276,-1.2611023622047242,-0.09201263179956636,24.070150845253576,-2.319849154746425
2024-11-11,35.05,-0.000570450671487733,26.374950099800397,-0.015049900199603172,-0.025909644226933475,25.71502641089797,-0.6749735891020308,-0.09958064892777725,23.888675103305783,-2.501324896694218
2024-11-12,34.34,-0.020464758011269405,25.855423680456497,-0.534576319543504,-0.037999143901470626,25.406016260162602,-0.9839837398373987,-0.10992202392313412,23.642906339681716,-2.747093660318285
2024-11-13,33.67,-0.019703622296346354,25.875110658124637,-0.5148893418753637,-0.06022271713233015,24.84763143176734,-1.5423685682326607,-0.13431071465383432,23.073261490521944,-3.316738509478057
2024-11-14,33.61,-0.0017835914359688708,26.342972972972973,-0.04702702702702766,-0.04109568512069158,25.32746716162193,-1.0625328383780719,-0.13088731697554337,23.152385800052205,-3.237614199947796
2024-11-18,33.55,-0.001786778319323545,26.342889021124666,-0.04711097887533455,-0.04857723965036938,25.138685406019306,-1.2513145939806947,-0.10970278819170058,23.648090277777776,-2.741909722222225
2024-11-19,33.8,0.007423939071282267,26.586646795827125,0.19664679582712452,-0.05104178347139079,25.076806297441664,-1.313193702558337,-0.07794674846088766,24.411111111111108,-1.9788888888888927
2024-11-21,33.27,-0.015804712458587562,25.976192307692312,-0.41380769230768877,-0.06233817609342684,24.79512284665349,-1.5948771533465091,-0.12101728817975821,23.38203195739015,-3.00796804260985
2024-11-22,34.14,0.025813627335909098,27.080090171325516,0.6900901713255152,-0.030860415800666646,25.58803180914513,-0.8019681908548719,-0.10316126251716319,23.803291941875827,-2.5867080581241737
2024-11-25,34.69,0.01598174361536373,26.815146455770357,0.42514645577035637,-0.023362885973338243,25.78059983103351,-0.6094001689664914,-0.09060824440248148,24.10397840968931,-2.286021590310689
2024-11-26,34.44,-0.007232781422128254,26.19981550879216,-0.19018449120784098,-0.016700647298175872,25.95292975442604,-0.4370702455739597,-0.1004705303636345,23.867426470588235,-2.5225735294117655
2024-11-27,34.91,0.013554641557414667,26.750142276422768,0.3601422764227671,-0.00798863021654921,26.180019892014776,-0.20998010798522415,-0.09189297832066638,24.07303109485236,-2.3169689051476396
2024-11-28,34.63,-0.008052962702613872,26.178335720423952,-0.2116642795760484,-0.03322753499232389,25.527533519553078,-0.8624664804469226,-0.09968460559777614,23.886191845269213,-2.5038081547307875
2024-11-29,34.94,0.008911946291579737,26.626237366445274,0.23623736644527327,-0.011948933063532249,26.076544117647057,-0.31345588235294386,-0.0860569052172541,24.213933823529413,-2.176066176470588
2024-12-02,35.2,0.007413777898141086,26.58637664567831,0.1963766456783098,0.0037000184519646743,26.487824351297405,0.09782435129740463,-0.052840392468454775,25.031743465373218,-1.3582565346267828
2024-12-03,35.62,0.011861195257463994,26.704880681818178,0.3148806818181775,0.016131664380916576,26.819166904422257,0.4291669044222566,-0.04849601112750686,25.140727467237227,-1.2492725327627738
2024-12-04,35.61,-0.0002807805718292191,26.382591240875914,-0.007408759124086117,0.036315641820356855,27.36598427489808,0.975984274898078,-0.03368623316728754,25.515826771653543,-0.8741732283464572
2024-12-05,35.8,0.005321396116968226,26.53080595338388,0.1408059533838788,0.061340660233671324,28.059459459459454,1.6694594594594534,-0.004737364300878026,26.265276619405057,-0.12472338059494348
2024-12-06,35.99,0.005293228684284801,26.53005865921788,0.1400586592178783,0.06841748035392516,28.258735495388283,1.8687354953882824,0.008931122720139096,26.626747967479673,0.23674796747967264
2024-12-09,35.99,0.0,26.39,0.0,0.07020425867324877,28.309272727272734,1.919272727272734,0.006411171785626146,26.55973434004475,0.16973434004474797
2024-12-10,35.92,-0.0019468786569404781,26.33867185329258,-0.051328146707419364,0.060833440945025935,28.045230769230773,1.6552307692307728,0.02537491657629304,27.068212450028554,0.6782124500285533
2024-12-11,36.03,0.003057681326002957,26.47081570155902,0.0808157015590183,0.0796958347296165,28.579251577998196,2.1892515779981956,0.022737821691941856,26.99692504258944,0.6069250425894381
2024-12-12,35.82,-0.005845528127436187,26.236186511240632,-0.1538134887593685,0.048036679266271254,27.688629173989458,1.2986291739894575,0.007003810672201937,26.575479336519543,0.18547933651954196
2024-12-13,35.96,0.0039008129708539073,26.493143495254053,0.1031434952540522,0.03595574862176131,27.356137215335835,0.9661372153358343,0.015412943479607293,26.799898333804013,0.4098983338040121
2024-12-16,36.05,0.0024996541275384187,26.45604838709677,0.06604838709677097,0.04568818417142793,27.623678861788616,1.233678861788615,0.0235767305639968,27.019582504970177,0.6295825049701769
2024-12-17,35.55,-0.013966707481708193,26.023980582524274,-0.3660194174757265,0.018166835132305176,26.873804067602407,0.48380406760240646,0.0011258092942533443,26.41972683751056,0.029726837510558823
2024-12-18,35.16,-0.011031083432273657,26.100489451476793,-0.28951054852320723,0.015188714402645433,26.79388969101934,0.4038896910193408,0.003989745959270285,26.495499714448883,0.10549971444888229
2024-12-19,34.87,-0.008282212129416489,26.172335039817973,-0.2176649601820273,-0.002005444018350715,26.33712936462507,-0.052870635374929975,-0.009135090645934017,26.150022733731173,-0.2399772662688271
2024-12-20,33.82,-0.030574517217125462,25.59534843705191,-0.7946515629480899,-0.03999373913361726,25.355392045454543,-1.0346079545454572,-0.05689554993622029,24.930441340782124,-1.4595586592178762
2024-12-23,33.92,0.0029524674532681715,26.468030751034892,0.07803075103489121,-0.04890246693781314,25.130510948905112,-1.2594890510948886,-0.041576426845740325,25.31529411764706,-1.0747058823529407
2024-12-24,33.89,-0.000884825304742434,26.36665978773585,-0.02334021226415217,-0.04950651167072637,25.11533557989329,-1.2746644201067099,-0.034226078533126786,25.502055888223552,-0.8879441117764486
2024-12-26,34.21,0.009398013370553406,26.63918264974919,0.2491826497491907,-0.04542989441714119,25.217930167597768,-1.172069832402233,-0.024257614491085665,25.757543509272473,-0.6324564907275274
2024-12-27,34.08,-0.0038072970283983608,26.289716457176265,-0.10028354282373542,-0.054530420129824404,24.989474854126144,-1.400525145873857,-0.0076001535082146745,26.190192195690152,-0.1998078043098488
2024-12-30,33.54,-0.015971945566052113,25.9718485915493,-0.41815140845070076,-0.07050236569587667,24.59351486524034,-1.79648513475966,-0.003868476777920429,26.288108108108105,-0.10189189189189563
2024-12-31,33.34,-0.00598087907241474,26.23263565891473,-0.15736434108526964,-0.07453636611135085,24.494504454342987,-1.8954955456570133,-0.008065764414366242,26.178000595060997,-0.2119994049390037
2025-01-01,33.48,0.004190368298626509,26.50081583683263,0.11081583683262863,-0.07340367913872738,24.52226477935054,-1.867735220649461,-0.002088617796416233,26.334938897168406,-0.055061102831594155
2025-01-02,34.07,0.01746898605160078,26.85505675029869,0.46505675029868954,-0.05008916495969048,25.1007063093244,-1.2892936906755992,0.007956429183902174,26.600807692307693,0.21080769230769292
2025-01-03,33.82,-0.007364888202440964,26.19635456413267,-0.19364543586733163,-0.06135486613298528,24.81951612903226,-1.5704838709677418,0.016396253440048785,26.82626390141268,0.4362639014126799
2025-01-06,33.11,-0.021216991911279345,25.835981667652277,-0.5540183323477237,-0.08507151217180309,24.23780582524272,-2.1521941747572804,-0.03063436580713971,25.59381663737551,-0.7961833626244896
2025-01-07,33.01,-0.00302480569405331,26.31029598308668,-0.07970401691332185,-0.07412961038414827,24.50446976090014,-1.885530239099861,-0.04964091511655666,25.11196021908331,-1.2780397809166892
2025-01-08,32.37,-0.019578477926948723,25.878348985156013,-0.5116510148439879,-0.08267700487882328,24.295912969283275,-2.094087030716725,-0.06198661162137707,24.803841463414635,-1.5861585365853657
2025-01-09,32.07,-0.00931105423308931,26.145421686746992,-0.24457831325300816,-0.0837058469824962,24.270929165471752,-2.119070834528248,-0.08485230741188096,24.243119450014326,-2.1468805499856742
2025-01-10,31.84,-0.007197652728881321,26.2007358902401,-0.18926410975990038,-0.06032898249425198,24.844991129509168,-1.5450088704908325,-0.0839969974381484,24.26386370199249,-2.126136298007509
2025-01-13,30.7,-0.036460706383030825,25.44513190954774,-0.9448680904522604,-0.09974215633055093,23.88481721698113,-2.5051827830188707,-0.12936965011275903,23.187550085861478,-3.2024499141385228
2025-01-14,30.88,0.00584607056342391,26.54472964169381,0.15472964169380887,-0.0930112604623846,24.046125700796694,-2.343874299203307,-0.13093735744747606,23.151227272727272,-3.2387727272727282
2025-01-15,31.19,0.009988805463136506,26.654925518134718,0.2649255181347172,-0.09242046836980143,24.06033615901783,-2.329663840982171,-0.13280974724180364,23.1079197080292,-3.2820802919708
2025-01-16,31.21,0.0006410256629762398,26.406922090413598,0.0169220904135976,-0.08797214567842687,24.16760269953052,-2.2223973004694813,-0.13188794100699827,23.12923055321539,-3.260769446784611
2025-01-17,31.17,-0.0012824625034423597,26.356177507209228,-0.03382249279077243,-0.07328266261581703,24.525232558139535,-1.8647674418604652,-0.1384917996274088,22.976991620111736,-3.4130083798882644
2025-01-20,31.27,0.003203077690504115,26.47466474173885,0.08466474173884819,-0.06409870585289817,24.751508698260345,-1.6384913017396556,-0.14058195062118944,22.929016393442623,-3.4609836065573774
2025-01-21,30.19,-0.035148427751002444,25.478544931244006,-0.9114550687559948,-0.10343750190252698,23.796717443249705,-2.593282556750296,-0.17573037837219196,22.137096415671017,-4.252903584328983
2025-01-22,30.06,-0.004315359393919055,26.276363034117256,-0.11363696588274408,-0.12522184734804684,23.283927208687995,-3.1060727913120054,-0.17809885910917053,22.084727171492204,-4.305272828507796
2025-01-23,30.75,0.022694609927698495,26.995758483033935,0.6057584830339344,-0.09516234921790741,23.994455943228857,-2.3955440567711435,-0.15846193050747506,22.522689425478767,-3.867310574521234
2025-01-24,30.47,-0.009147401254909246,26.14970081300813,-0.24029918699186936,-0.0830927585615372,24.285813953488372,-2.1041860465116287,-0.1617638036349481,22.448445002791736,-3.9415549972082644
2025-01-27,29.57,-0.02998225913323176,25.610511978995735,-0.7794880210042656,-0.11005021200071567,23.639875795213577,-2.750124204786424,-0.19564687573903372,21.70056451612903,-4.6894354838709695
2025-01-28,29.2,-0.012591624590149827,26.05979032803517,-0.3302096719648304,-0.10306335866391683,23.80562248995984,-2.5843775100401594,-0.21073815445672192,21.375533980582528,-5.014466019417473
2025-01-29,29.9,0.023689771122404665,27.02263698630137,0.632636986301371,-0.07006253330842283,24.604334268787028,-1.7856657312129727,-0.1730816758526091,22.19580872011252,-4.19419127988748
2025-01-30,29.73,-0.005701843386634336,26.239956521739135,-0.15004347826086573,-0.06856672396617589,24.641165201005027,-1.7488347989949737,-0.16775243580696983,22.314411262798636,-4.075588737201365
2025-01-31,30.08,0.01170386207163273,26.70067944836865,0.31067944836864925,-0.02040215551151245,25.857042345276874,-0.532957654723127,-0.14776636160592074,22.764875250932032,-3.625124749067968
2025-02-01,30.17,0.0029875540893308287,26.468959441489368,0.07895944148936707,-0.023260671985605552,25.783235103626946,-0.6067648963730541,-0.11420429029946443,23.541877587226494,-2.848122412773506
2025-02-03,30.19,0.0006626905477777291,26.407494199535964,0.017494199535963872,-0.03258678690096441,25.543895479320298,-0.8461045206797024,-0.11649406720495487,23.488033608490568,-2.9019663915094327
2025-02-04,30.57,0.012508392183995652,26.722169592580325,0.33216959258032475,-0.02071942037994493,25.848840115347645,-0.5411598846523553,-0.1031008497162168,23.80473000885217,-2.585269991147829
2025-02-05,30.77,0.006521053431207224,26.5626529277069,0.1726529277068991,-0.01291590444529536,26.051341033044594,-0.338658966955407,-0.1059778096555629,23.736343174510377,-2.653656825489623
2025-02-06,30.4,-0.0120975809217745,26.072668183295416,-0.3173318167045842,-0.028216563057573942,25.655772305724337,-0.7342276942756634,-0.11426809354893898,23.54037558685446,-2.8496244131455413
2025-02-07,30.68,0.009168368086879507,26.633065789473687,0.24306578947368607,0.01610023278030792,26.818323948327258,0.4283239483272574,-0.0891277798960074,24.13968992248062,-2.25031007751938
2025-02-10,30.16,-0.017094433359300068,25.942711864406782,-0.4472881355932188,0.0033211588149269795,26.477791084497674,0.08779108449767392,-0.10024133418289266,23.872897420515898,-2.517102579484103
2025-02-11,29.35,-0.027223996865649868,25.681250000000002,-0.7087499999999984,-0.04659744797842143,25.18850406504065,-1.2014959349593504,-0.13165569934716898,23.134602747909202,-3.2553972520907983
2025-02-12,29.33,-0.0006816632847459206,26.372017035775126,-0.01798296422487411,-0.03813171000825801,25.402648506727928,-0.9873514932720724,-0.14980634868351558,22.718482535955385,-3.6715174640446158
2025-02-13,29.4,0.0023837913552761975,26.452983293556084,0.06298329355608345,-0.00576565951974999,26.238282042610752,-0.15171795738924843,-0.14005766912579834,22.941040804257835,-3.448959195742166
2025-02-14,28.7,-0.02409755157906053,25.761666666666667,-0.6283333333333339,-0.017271586508660595,25.938116438356165,-0.4518835616438359,-0.14293822879357942,22.87505285412262,-3.514947145877379
2025-02-17,28.73,0.0010447502256227285,26.417585365853657,0.027585365853656896,-0.039916607405442436,25.35734782608696,-1.0326521739130392,-0.13886867287390334,22.96833383823084,-3.42166616176916
2025-02-18,28.75,0.0006958942521611744,26.40837104072398,0.01837104072398077,-0.03351886976664693,25.520097544567776,-0.869902455432225,-0.11859430069479349,23.438755020080322,-2.9512449799196787
2025-02-19,28.97,0.00762304453789962,26.591940869565217,0.20194086956521673,-0.037599687300380075,25.416166888297873,-0.9738331117021275,-0.10166020192380454,23.83904895541004,-2.5509510445899615
2025-02-20,29.16,0.006537095359198503,26.563079047290305,0.17307904729030454,-0.034050146030512325,25.506542923433877,-0.883457076566124,-0.08792545383572481,24.168731155778897,-2.221268844221104
2025-02-21,28.78,-0.013117205681235563,26.04609739368999,-0.34390260631001013,-0.047830042259525724,25.157475985425638,-1.2325240145743628,-0.06458195313392967,24.73955048859935,-1.6504495114006517
2025-02-24,28.37,-0.014348452638461814,26.014047949965253,-0.37595205003474774,-0.07468688708198318,24.490817795224075,-1.8991822047759257,-0.08477647633581539,24.244957901554407,-2.145042098445593
2025-02-25,28.23,-0.004947006555362083,26.2597708847374,-0.13022911526260117,-0.08615494706855244,24.211559961000976,-2.1784400389990246,-0.09971228835431398,23.885530618788074,-2.5044693812119263
2025-02-27,28.02,-0.007466701356537079,26.193687566418703,-0.1963124335812978,-0.081524067503315,24.323940789473685,-2.0660592105263156,-0.10782001537382722,23.692656199935914,-2.697343800064086
2025-02-28,27.25,-0.027865019799607885,25.66479300499643,-0.7252069950035711,-0.11855745538980232,23.4396186440678,-2.950381355932201,-0.1344025726699927,23.07114212383702,-3.31885787616298
2025-03-03,27.31,0.002199414376360581,26.44810642201835,0.058106422018347814,-0.09926360765414174,23.89625,-2.493750000000002,-0.13540623598413631,23.047998081228013,-3.342001918771988
2025-03-04,27.2,-0.0040359621836620055,26.283705602343463,-0.10629439765653714,-0.07607557297215388,24.456831345826235,-1.933168654173766,-0.1042937704167959,23.77634978469692,-2.613650215303082
2025-03-05,27.93,0.026484406655133776,27.098261029411766,0.7082610294117657,-0.04890950303227427,25.13033412887828,-1.2596658711217188,-0.07349400436774302,24.520049900199602,-1.8699500998003984
2025-03-06,27.9,-0.0010746911297655202,26.361654135338345,-0.028345864661655895,-0.05236798551731604,25.04357142857143,-1.3464285714285715,-0.09726330542520702,23.944097560975607,-2.445902439024394
2025-03-07,27.69,-0.00755535164444939,26.19136559139785,-0.19863440860214965,-0.03582578558270483,25.461292682926832,-0.9287073170731688,-0.09567125581474709,23.982248112897935,-2.407751887102066
2025-03-10,27.26,-0.015650910914483954,25.98018779342723,-0.40981220657277007,-0.05252144672281161,25.03972850678733,-1.35027149321267,-0.08133990759599927,24.328420696652014,-2.061579303347987
2025-03-11,27.39,0.004757557006600191,26.515851063829786,0.12585106382978495,-0.048459783968372645,25.141638260869566,-1.2483617391304342,-0.0639907259992492,24.754181506849317,-1.6358184931506834
2025-03-12,27.24,-0.005491501993675232,26.245476451259584,-0.14452354874041617,-0.061574330499947476,24.81406972730411,-1.5759302726958921,-0.09317199911532914,24.04226086956522,-2.347739130434782
2025-03-13,27.1,-0.005152753395656329,26.254368575624085,-0.1356314243759158,-0.07326417925480218,24.525685871056243,-1.8643141289437573,-0.0926229091243511,24.055465859401277,-2.3345341405987234
2025-03-17,27.24,0.005152753395656332,26.52633210332103,0.13633210332103118,-0.05499422017791022,24.977887421820707,-1.4121125781792934,-0.09917401780032745,23.89839095744681,-2.49160904255319
2025-03-18,27.99,0.02716082224605047,27.11659691629956,0.7265969162995596,-0.013484945293397917,26.036520972858654,-0.35347902714134705,-0.07500074964360774,24.48313225058004,-1.906867749419959
2025-03-19,28.24,0.008892109097679115,26.62570918185066,0.23570918185065892,0.00035417035964327735,26.399348211122916,0.009348211122915728,-0.06677133109370623,24.685445511758857,-1.7045544882411434
2025-03-20,28.51,0.009515490299539395,26.64231232294618,0.2523123229461781,0.017336362015719666,26.851495360456816,0.4614953604568157,-0.06976423297816252,24.611674844618907,-1.7783251553810935
2025-03-21,28.73,0.007686970066617537,26.593640827779726,0.2036408277797257,0.052888351881945066,27.823291743119267,1.4332917431192662,-0.06859831634275221,24.640386740331493,-1.7496132596685072
2025-03-24,29.01,0.009698725142114565,26.64719457013575,0.25719457013574853,0.06038766264769921,28.032731600146473,1.6427316001464725,-0.046802010278863236,25.183351973684214,-1.2066480263157864
2025-03-25,28.76,-0.00865506528046676,26.162578421234056,-0.22742157876594504,0.055768559550894325,27.90354411764706,1.5135441176470579,-0.06462544364620942,24.738474576271187,-1.6515254237288133
2025-03-26,28.63,-0.004530413742822394,26.270712795549372,-0.11928720445062879,0.02475373915293818,27.051403508771926,0.6614035087719259,-0.05206142402973163,25.05125,-1.338750000000001
2025-03-27,28.71,0.002790375022948916,26.463740831295844,0.07374083129584363,0.02861880530565266,27.156161290322583,0.7661612903225823,-0.022047052141132933,25.814545144804086,-0.5754548551959147
2025-03-28,28.54,-0.005938882084282308,26.233737373737373,-0.15626262626262744,0.030235274865819894,27.200093896713614,0.8100938967136138,-0.027304270940669267,25.679188544152748,-0.7108114558472529
2025-04-01,28.1,-0.015537035708990166,25.98314646110722,-0.4068535388927792,0.030349150071313575,27.203191489361704,0.8131914893617029,-0.04522509800493578,25.22309523809524,-1.1669047619047603
2025-04-02,28.56,0.016237561131683526,26.82200711743772,0.43200711743772047,0.04182915419639683,27.517283680175247,1.1272836801752462,-0.004889985294191792,26.261268292682928,-0.12873170731707262
2025-04-03,28.29,-0.009498752157907785,26.140514705882353,-0.24948529411764753,0.03782190403216433,27.407235682819387,1.0172356828193863,-0.015433487677722433,25.9858371040724,-0.4041628959276018
2025-04-04,27.45,-0.030142217357936162,25.60641569459173,-0.7835843054082723,0.01283244006988436,26.730830258302582,0.3408302583025815,-0.04627159928781986,25.196713043478262,-1.1932869565217388
2025-04-07,26.39,-0.03938101744030687,25.370932604735884,-1.0190673952641163,-0.03170133076607888,25.5665234948605,-0.8234765051394994,-0.09327566126602632,24.039768726268555,-2.3502312737314455
